"","role_id","Mission","RED_Role","Team","Qualtrics_Role","normalized_perf","normalized_perf_within","IoI","ToI","MoI"
"1",1,"C3M1S1","Drill","Robotics","Drilling Specialist (Space Robotics -HERA: Mission Specialist 2)",0.478246143424577,0,0.999999998210225,0.999797056446486,0.998596056502347
"2",2,"C3M1S1","Mats","Robotics","Materials Specialist (Space Robotics - Mars Mission Control)",0.449121555357271,0.293658338046256,0.557959564209202,0.902498671350549,0.917630874313958
"3",3,"C3M1S1","Ops","Robotics","Operations Specialist (Space Robotics - Mars Mission Control)",0.539193952457433,0,0.599676228788375,0.845002013260445,0.972319484178066
"4",4,"C3M1S1","Bio","Engineer","Biochemical Engineer (Extraterrestrial Engineering -HERA Crew: Commander)",0.719298245614035,0.673469387755102,0.749749313102391,0.747713324828511,0.794008792308855
"5",5,"C3M1S1","Fluid","Engineer","Fluid Engineer (Extraterrestrial Engineering - Mars Mission Control)",0.00000044107143172292,0,0.371461563006674,0.368439635528731,0.48433312175974
"6",6,"C3M1S1","Mech","Engineer","Mechanical Engineer (Extraterrestrial Engineering - Mars Mission Control)",0.641097566044122,0.844153294794568,0.625270828547197,0.648722622045341,0.715678470054594
"7",7,"C3M1S1","Hydro","Geology","Hydrogeologist (Planetary Geology - Mars Mission Control)",0.747625595321088,0.894508866222019,0.676333416793006,0.695020312461345,0.753716263757305
"8",8,"C3M1S1","Sedi","Geology","Sedimentologist (Planetary Geology - HERA: Mission Specialist 1)",0.379537536065574,0.179929130638104,0.60779067357513,0.643192221477481,0.669031154298558
"9",9,"C3M1S1","Struct","Geology","Structural Geologist (Planetary Geology - Mars Mission Control: MARS COM)",0.507517786074378,0.756095810626361,0.420023917649632,0.680223357749363,0.741528739887947
"10",10,"C3M1S1","Terrain","HumanFactors","Martian Terrain Specialist (Space Human Factors - Mars Mission Control)",0.575077590705595,0.340424624829468,0,0,0
"11",11,"C3M1S1","Maint","HumanFactors","Maintenance Specialist (Space Human Factors - Mars Mission Control)",0.9937651324001,0.248190459579663,0,0,0
"12",12,"C3M1S1","Meteor","HumanFactors","Martian Meteorology Specialist (Space Human Factors -HERA Crew: Flight Engineer)",0.996790127537802,0.302416212003118,0,0,0
"13",1,"C3M1S2","Drill","Robotics","Drilling Specialist (Space Robotics -HERA: Mission Specialist 2)",0.753425501123872,0.579240142190913,0.587290421288789,0.708194666179051,0.761727191513257
"14",2,"C3M1S2","Mats","Robotics","Materials Specialist (Space Robotics - Mars Mission Control)",0.979872130347039,1,0.992387746750435,1.00000000000004,1.00000000000343
"15",3,"C3M1S2","Ops","Robotics","Operations Specialist (Space Robotics - Mars Mission Control)",0.983315999672238,1,0.998636370468937,0.999680629353353,0.999274728466728
"16",4,"C3M1S2","Bio","Engineer","Biochemical Engineer (Extraterrestrial Engineering -HERA Crew: Commander)",0.982456140350877,0.979591836734694,0.992094997513277,0.991398711147655,0.976162277042484
"17",5,"C3M1S2","Fluid","Engineer","Fluid Engineer (Extraterrestrial Engineering - Mars Mission Control)",0.000000882142863441954,0.8125,0.934357576707657,0.9335612721815,0.850401140204435
"18",6,"C3M1S2","Mech","Engineer","Mechanical Engineer (Extraterrestrial Engineering - Mars Mission Control)",0.351493974869803,0.462822741740953,0.589859226373131,0.620019917913626,0.585174190987969
"19",7,"C3M1S2","Hydro","Geology","Hydrogeologist (Planetary Geology - Mars Mission Control)",0,0,0,0,0.110365079472027
"20",8,"C3M1S2","Sedi","Geology","Sedimentologist (Planetary Geology - HERA: Mission Specialist 1)",0.683419408196721,0.589079683825637,0.799881865284974,0.279745813936531,0.222200069355894
"21",9,"C3M1S2","Struct","Geology","Structural Geologist (Planetary Geology - Mars Mission Control: MARS COM)",0.671234754830796,1,0.554045324534044,0.287610243762122,0.317107262178933
"22",10,"C3M1S2","Terrain","HumanFactors","Martian Terrain Specialist (Space Human Factors - Mars Mission Control)",0.72004174791947,0.565441678035471,0,0,0
"23",11,"C3M1S2","Maint","HumanFactors","Maintenance Specialist (Space Human Factors - Mars Mission Control)",0.992385954518995,0.0818871544431848,0,0,0
"24",12,"C3M1S2","Meteor","HumanFactors","Martian Meteorology Specialist (Space Human Factors -HERA Crew: Flight Engineer)",0.997549150706111,0.467370509459364,0,0,0
"25",1,"C3M1S3","Drill","Robotics","Drilling Specialist (Space Robotics -HERA: Mission Specialist 2)",0.880684792314561,0.84711521298369,0.722236649331962,0.81023195150616,0.845315985436563
"26",2,"C3M1S3","Mats","Robotics","Materials Specialist (Space Robotics - Mars Mission Control)",0.948524481855834,0.9582814391976,0.529295617977118,0.871879046815057,0.938143717601296
"27",3,"C3M1S3","Ops","Robotics","Operations Specialist (Space Robotics - Mars Mission Control)",0.941926595253506,0.906806237883718,0.931339305496955,0.984284427680724,0.96211941571739
"28",4,"C3M1S3","Bio","Engineer","Biochemical Engineer (Extraterrestrial Engineering -HERA Crew: Commander)",1,1,0.997870480602798,0.98914987855791,0.98753183124671
"29",5,"C3M1S3","Fluid","Engineer","Fluid Engineer (Extraterrestrial Engineering - Mars Mission Control)",0.000000576785718405999,0.25,0.509294157913709,0.511340820868595,0.51202494946848
"30",6,"C3M1S3","Mech","Engineer","Mechanical Engineer (Extraterrestrial Engineering - Mars Mission Control)",0.00000069164872517632,0,0.131025809343796,0.139277066337181,0.173204234554406
"31",7,"C3M1S3","Hydro","Geology","Hydrogeologist (Planetary Geology - Mars Mission Control)",0.794058267193958,0.950063995597735,0.718338359791983,0.721647283474449,0.775848277673953
"32",8,"C3M1S3","Sedi","Geology","Sedimentologist (Planetary Geology - HERA: Mission Specialist 1)",0.988615708196721,1,0.99280414507772,0.782012169967664,0.800127548689308
"33",9,"C3M1S3","Struct","Geology","Structural Geologist (Planetary Geology - Mars Mission Control: MARS COM)",0,0,0.00456154470114778,0.334264478455498,0.46212441082174
"34",10,"C3M1S3","Terrain","HumanFactors","Martian Terrain Specialist (Space Human Factors - Mars Mission Control)",0.86267131753138,0.786834924965894,0.77952071820186,0.721709216167388,0.721709216167388
"35",11,"C3M1S3","Maint","HumanFactors","Maintenance Specialist (Space Human Factors - Mars Mission Control)",0.991706852248225,0,0.343405253150649,0.562048302039116,0.562048302039116
"36",12,"C3M1S3","Meteor","HumanFactors","Martian Meteorology Specialist (Space Human Factors -HERA Crew: Flight Engineer)",0.997052916486967,0.359526677531354,0.217292367380505,0.388014790827195,0.388014790827195
"37",1,"C3M2S2","Drill","Robotics","Drilling Specialist (Space Robotics -HERA: Mission Specialist 2)",0.874896080302984,0.834930235168776,0.999999971855819,0.999999134424664,0.999180435848436
"38",2,"C3M2S2","Mats","Robotics","Materials Specialist (Space Robotics - Mars Mission Control)",0.228464414254363,0,0.626972094088273,0.913069663273185,0.810591466839928
"39",3,"C3M2S2","Ops","Robotics","Operations Specialist (Space Robotics - Mars Mission Control)",0.699954130950734,0.361972974549375,0.988192982706145,0.692466194452564,0.86152205869128
"40",4,"C3M2S2","Bio","Engineer","Biochemical Engineer (Extraterrestrial Engineering -HERA Crew: Commander)",0.982456140350877,0.979591836734694,1,0.993081214905125,0.99435083562586
"41",5,"C3M2S2","Fluid","Engineer","Fluid Engineer (Extraterrestrial Engineering - Mars Mission Control)",0.000000983928578455234,1,0.96848823971869,0.958782957938506,0.966346426080836
"42",6,"C3M2S2","Mech","Engineer","Mechanical Engineer (Extraterrestrial Engineering - Mars Mission Control)",0.518360119316531,0.682540870545144,0.936879602783691,0.947764501491274,0.95776267797461
"43",7,"C3M2S2","Hydro","Geology","Hydrogeologist (Planetary Geology - Mars Mission Control)",0.53453443789481,0.639552467157786,0.483562209040879,0.490510493967039,0.584923560968079
"44",8,"C3M2S2","Sedi","Geology","Sedimentologist (Planetary Geology - HERA: Mission Specialist 1)",0.275515606557377,0.0398726353182862,0.542036269430052,0.507287939621067,0.540929404873635
"45",9,"C3M2S2","Struct","Geology","Structural Geologist (Planetary Geology - Mars Mission Control: MARS COM)",0.101541914496938,0.151276306487638,0.087685422831656,0.324160235042031,0.45394991555713
"46",10,"C3M2S2","Terrain","HumanFactors","Martian Terrain Specialist (Space Human Factors - Mars Mission Control)",1,1,NA,0.538520423025224,0
"47",11,"C3M2S2","Maint","HumanFactors","Maintenance Specialist (Space Human Factors - Mars Mission Control)",0.998907216686759,0.868230574692596,0.494867024115591,0.591411605061214,0.591411605061214
"48",12,"C3M2S2","Meteor","HumanFactors","Martian Meteorology Specialist (Space Human Factors -HERA Crew: Flight Engineer)",0.998898633907841,0.760646212711684,0.550301156332192,0.560117746380743,0.560117746380743
"49",1,"C3M2S3","Drill","Robotics","Drilling Specialist (Space Robotics -HERA: Mission Specialist 2)",0.874896080302984,0.834930235168776,0.999999971855819,0.999999864949946,0.999843114826934
"50",2,"C3M2S3","Mats","Robotics","Materials Specialist (Space Robotics - Mars Mission Control)",0.908810292180728,0.905428389083049,0.914728252422402,0.990358236747964,0.993002606081466
"51",3,"C3M2S3","Ops","Robotics","Operations Specialist (Space Robotics - Mars Mission Control)",0.952796427689925,0.931281114788809,0.974389512598905,0.988228639530645,0.978539257969832
"52",4,"C3M2S3","Bio","Engineer","Biochemical Engineer (Extraterrestrial Engineering -HERA Crew: Commander)",0.947368421052632,0.938775510204082,0.971152533200947,0.978618769667722,0.982542298537667
"53",5,"C3M2S3","Fluid","Engineer","Fluid Engineer (Extraterrestrial Engineering - Mars Mission Control)",0.000000678571433419279,0.4375,0.790437744557143,0.785079643825735,0.824518264011944
"54",6,"C3M2S3","Mech","Engineer","Mechanical Engineer (Extraterrestrial Engineering - Mars Mission Control)",0.553185240442562,0.728396250463948,0.998795347866944,0.997626358402492,0.998081002371038
"55",7,"C3M2S3","Hydro","Geology","Hydrogeologist (Planetary Geology - Mars Mission Control)",0.53453443789481,0.639552467157786,0.483562209040879,0.490510493967039,0.584923560968079
"56",8,"C3M2S3","Sedi","Geology","Sedimentologist (Planetary Geology - HERA: Mission Specialist 1)",0.275515606557377,0.0398726353182862,0.542036269430052,0.507287939621067,0.540929404873635
"57",9,"C3M2S3","Struct","Geology","Structural Geologist (Planetary Geology - Mars Mission Control: MARS COM)",0.101541914496938,0.151276306487638,0.087685422831656,0.324160235042031,0.45394991555713
"58",10,"C3M2S3","Terrain","HumanFactors","Martian Terrain Specialist (Space Human Factors - Mars Mission Control)",1,1,1,0.784553904109465,0.784553904109465
"59",11,"C3M2S3","Maint","HumanFactors","Maintenance Specialist (Space Human Factors - Mars Mission Control)",0.995598491565597,0.469259614546089,0.102540234986738,0.345958286001149,0.345958286001149
"60",12,"C3M2S3","Meteor","HumanFactors","Martian Meteorology Specialist (Space Human Factors -HERA Crew: Flight Engineer)",0.997745644676372,0.510073454734406,0.387184889672234,0.498371626410143,0.498371626410143
"61",1,"C3M3S2","Drill","Robotics","Drilling Specialist (Space Robotics -HERA: Mission Specialist 2)",0.658342827231579,0.379095400209763,0.544958890174671,0.678702966378392,0.737698806517769
"62",2,"C3M3S2","Mats","Robotics","Materials Specialist (Space Robotics - Mars Mission Control)",0.938354633467908,0.944747044793441,0.928048249428221,0.93133022322218,0.975587115109339
"63",3,"C3M3S2","Ops","Robotics","Operations Specialist (Space Robotics - Mars Mission Control)",0.83007525235362,0.65495802723682,0.985181135073758,0.947696089261758,0.999589170988499
"64",4,"C3M3S2","Bio","Engineer","Biochemical Engineer (Extraterrestrial Engineering -HERA Crew: Commander)",0.929824561403509,0.918367346938776,0.961443342671532,0.964285623485355,0.970839333685827
"65",5,"C3M3S2","Fluid","Engineer","Fluid Engineer (Extraterrestrial Engineering - Mars Mission Control)",0.000000950000006785436,0.9375,0.907722007054962,0.911431760744624,0.927684335469196
"66",6,"C3M3S2","Mech","Engineer","Mechanical Engineer (Extraterrestrial Engineering - Mars Mission Control)",0.759456205651562,1,0.874342521906071,0.891723538060582,0.912606767638253
"67",7,"C3M3S2","Hydro","Geology","Hydrogeologist (Planetary Geology - Mars Mission Control)",0.835794505289482,1,0.756094662394041,0.768550364753398,0.814408386796186
"68",8,"C3M3S2","Sedi","Geology","Sedimentologist (Planetary Geology - HERA: Mission Specialist 1)",0.40983606557377,0.220723469642628,0.631088082901554,0.683884144538929,0.707411511865161
"69",9,"C3M3S2","Struct","Geology","Structural Geologist (Planetary Geology - Mars Mission Control: MARS COM)",0.0951285305156397,0.141721699943293,0.0824353102622817,0.416202856217363,0.528250407163466
"70",10,"C3M3S2","Terrain","HumanFactors","Martian Terrain Specialist (Space Human Factors - Mars Mission Control)",0.727127907934851,0.57644099590723,0.5,0.504921593417346,0.504921593417346
"71",11,"C3M3S2","Maint","HumanFactors","Maintenance Specialist (Space Human Factors - Mars Mission Control)",1,1,1,0.626047698758998,0.626047698758998
"72",12,"C3M3S2","Meteor","HumanFactors","Martian Meteorology Specialist (Space Human Factors -HERA Crew: Flight Engineer)",0.996800669526251,0.304707243912232,0,0.186331833434105,0.186331833434105
"73",1,"C3M4S2","Drill","Robotics","Drilling Specialist (Space Robotics -HERA: Mission Specialist 2)",0.95331570034178,1,0.99999998996421,0.999999914897829,0.999956010003673
"74",2,"C3M4S2","Mats","Robotics","Materials Specialist (Space Robotics - Mars Mission Control)",0.973859003816958,0.991997518256334,0.174410059199176,0.902450823873915,0.967510619478147
"75",3,"C3M4S2","Ops","Robotics","Operations Specialist (Space Robotics - Mars Mission Control)",0.974232612330707,0.979547542396296,0.771728680812726,0.893287285448274,0.825510180831204
"76",4,"C3M4S2","Bio","Engineer","Biochemical Engineer (Extraterrestrial Engineering -HERA Crew: Commander)",0.947368421052632,0.938775510204082,0.923992197679191,0.923170541296682,0.922898601822112
"77",5,"C3M4S2","Fluid","Engineer","Fluid Engineer (Extraterrestrial Engineering - Mars Mission Control)",0.000000610714290075797,0.3125,0.692347924416364,0.673437535258961,0.675321559624329
"78",6,"C3M4S2","Mech","Engineer","Mechanical Engineer (Extraterrestrial Engineering - Mars Mission Control)",0.00000570086221971313,0.00000659579580666445,0.000119565788051945,0.00000711318007695638,0.00000909456399511566
"79",7,"C3M4S2","Hydro","Geology","Hydrogeologist (Planetary Geology - Mars Mission Control)",0.579407916666945,0.693242074457361,0.524156627262434,0.530762261380992,0.618087752429383
"80",8,"C3M4S2","Sedi","Geology","Sedimentologist (Planetary Geology - HERA: Mission Specialist 1)",0.39344262295082,0.198651122678365,0.616580310880829,0.56173300259826,0.592196651147906
"81",9,"C3M4S2","Struct","Geology","Structural Geologist (Planetary Geology - Mars Mission Control: MARS COM)",0.0242472387297464,0.0361233362176823,0.0244107320243503,0.289775992414744,0.426103199041145
"82",10,"C3M4S2","Terrain","HumanFactors","Martian Terrain Specialist (Space Human Factors - Mars Mission Control)",0.355763684803208,0,0,0.0301631079373521,0.0301631079373521
"83",11,"C3M4S2","Maint","HumanFactors","Maintenance Specialist (Space Human Factors - Mars Mission Control)",1,1,0,0.388732254141679,0.388732254141679
"84",12,"C3M4S2","Meteor","HumanFactors","Martian Meteorology Specialist (Space Human Factors -HERA Crew: Flight Engineer)",0.99539858506257,0,0,0.0288536878468394,0.0288536878468394
"85",1,"C3M4S3","Drill","Robotics","Drilling Specialist (Space Robotics -HERA: Mission Specialist 2)",0.868583920928657,0.821643424253576,0.999999957466307,1.00055240843322,1.00043635965424
"86",2,"C3M4S3","Mats","Robotics","Materials Specialist (Space Robotics - Mars Mission Control)",0.726327890559487,0.662574346313632,0.902126410874412,0.991972083328376,0.983322362854597
"87",3,"C3M4S3","Ops","Robotics","Operations Specialist (Space Robotics - Mars Mission Control)",0.941425634220909,0.905678257330313,0.986008256403038,0.966145297995341,0.94255515997111
"88",4,"C3M4S3","Bio","Engineer","Biochemical Engineer (Extraterrestrial Engineering -HERA Crew: Commander)",0.140350877192982,0,0.0672197769249647,0.0696035746043951,0.0703995322223773
"89",5,"C3M4S3","Fluid","Engineer","Fluid Engineer (Extraterrestrial Engineering - Mars Mission Control)",0.000000678571433419279,0.4375,0.60192203286918,0.615767221248295,0.620485881222357
"90",6,"C3M4S3","Mech","Engineer","Mechanical Engineer (Extraterrestrial Engineering - Mars Mission Control)",0.399990392370435,0.526679566277026,0.40162161516637,0.433523932249036,0.520848866218473
"91",7,"C3M4S3","Hydro","Geology","Hydrogeologist (Planetary Geology - Mars Mission Control)",0.527472301739204,0.631102858897727,0.477173498499761,0.456121762208145,0.556537934016481
"92",8,"C3M4S3","Sedi","Geology","Sedimentologist (Planetary Geology - HERA: Mission Specialist 1)",0.245901639344262,0,0.527921243523316,0.468781498328866,0.504620122090913
"93",9,"C3M4S3","Struct","Geology","Structural Geologist (Planetary Geology - Mars Mission Control: MARS COM)",0.0347494143268028,0.0517693907782866,0.0330080003276202,0.253922400367863,0.397215921635543
"94",10,"C3M4S3","Terrain","HumanFactors","Martian Terrain Specialist (Space Human Factors - Mars Mission Control)",1,1,NA,NA,NA
"95",11,"C3M4S3","Maint","HumanFactors","Maintenance Specialist (Space Human Factors - Mars Mission Control)",0.99689015999541,0.625010900845906,0.309650480944865,0.544451022207046,0.544451022207046
"96",12,"C3M4S3","Meteor","HumanFactors","Martian Meteorology Specialist (Space Human Factors -HERA Crew: Flight Engineer)",1,1,1,0.933090356462356,0.933090356462356
"97",1,"C4M1S1","Drill","Robotics","Drilling Specialist (Space Robotics -HERA: Mission Specialist 2)",0.777042214490255,0.684143947655398,0.150051726,0.402048551,0.512457106
"98",2,"C4M1S1","Mats","Robotics","Materials Specialist (Space Robotics - Mars Mission Control)",0.960180125700361,0.925760559776412,0.915226002,0.994604819,0.990760928
"99",3,"C4M1S1","Ops","Robotics","Operations Specialist (Space Robotics - Mars Mission Control)",0.977685754433878,0.988848205048616,0.943517875,0.908025324,0.914960156
"100",4,"C4M1S1","Bio","Engineer","Biochemical Engineer (Extraterrestrial Engineering -HERA Crew: Commander)",0.280701754385965,0.285714285714286,0.111585416,0.104075026,0.101585515
"101",5,"C4M1S1","Fluid","Engineer","Fluid Engineer (Extraterrestrial Engineering - Mars Mission Control)",0.000000882142863441954,0.000000814285775356423,0.909722029,0.89625553,0.892139676
"102",6,"C4M1S1","Mech","Engineer","Mechanical Engineer (Extraterrestrial Engineering - Mars Mission Control)",0.031437949646338,0.034854235278601,0.052742981,0.057558089,0.059278452
"103",7,"C4M1S1","Hydro","Geology","Hydrogeologist (Planetary Geology - Mars Mission Control)",0.81927450492479,0.510467020494028,0.741149987,0.630609625,0.700675494
"104",8,"C4M1S1","Sedi","Geology","Sedimentologist (Planetary Geology - HERA: Mission Specialist 1)",0.0983606557377049,0.0983606557377049,0.430051813,0.474361765,0.509888763
"105",9,"C4M1S1","Struct","Geology","Structural Geologist (Planetary Geology - Mars Mission Control: MARS COM)",0.026830962412107,0.02688100902019,0.026525841,0.295544452,0.430849146
"106",10,"C4M1S1","Terrain","HumanFactors","Martian Terrain Specialist (Space Human Factors - Mars Mission Control)",1,1,NA,NA,NA
"107",11,"C4M1S1","Maint","HumanFactors","Maintenance Specialist (Space Human Factors - Mars Mission Control)",0.994738584643397,0.37094682230869,0,0.218365461,0.218365461
"108",12,"C4M1S1","Meteor","HumanFactors","Martian Meteorology Specialist (Space Human Factors -HERA Crew: Flight Engineer)",0.998312629766444,0.462507789240462,0.5,0.472886347,0.472886347
"109",1,"C4M1S2","Drill","Robotics","Drilling Specialist (Space Robotics -HERA: Mission Specialist 2)",0.859685315761924,0.801221374045802,0.999999976,1.000001008,0.999994962
"110",2,"C4M1S2","Mats","Robotics","Materials Specialist (Space Robotics - Mars Mission Control)",0.73104955728132,0.498573748247565,0.843600874,0.972921185,0.957019746
"111",3,"C4M1S2","Ops","Robotics","Operations Specialist (Space Robotics - Mars Mission Control)",0.828152202510352,0.83760739608363,0.817529397,0.927698873,0.952892052
"112",4,"C4M1S2","Bio","Engineer","Biochemical Engineer (Extraterrestrial Engineering -HERA Crew: Commander)",0.43859649122807,0.446428571428572,0.554451337,0.550447782,0.632942151
"113",5,"C4M1S2","Fluid","Engineer","Fluid Engineer (Extraterrestrial Engineering - Mars Mission Control)",0.000000712500005089077,0.000000644642905495681,0.871160993,0.863780367,0.888777135
"114",6,"C4M1S2","Mech","Engineer","Mechanical Engineer (Extraterrestrial Engineering - Mars Mission Control)",0.877059103751941,0.972366986374696,0.98927818,0.969811646,0.975463124
"115",7,"C4M1S2","Hydro","Geology","Hydrogeologist (Planetary Geology - Mars Mission Control)",0.90016162090558,0.729566771047997,0.814323868,0.824351676,0.86060162
"116",8,"C4M1S2","Sedi","Geology","Sedimentologist (Planetary Geology - HERA: Mission Specialist 1)",0.360655737704918,0.360655737704918,0.593873575,0.680048177,0.703910157
"117",9,"C4M1S2","Struct","Geology","Structural Geologist (Planetary Geology - Mars Mission Control: MARS COM)",0.0539562324654857,0.0598420417742847,0.048730995,0.39772449,0.513381474
"118",10,"C4M1S2","Terrain","HumanFactors","Martian Terrain Specialist (Space Human Factors - Mars Mission Control)",0.736658518498174,0.691535566065052,0.070606247,0.174881115,0.174881115
"119",11,"C4M1S2","Maint","HumanFactors","Maintenance Specialist (Space Human Factors - Mars Mission Control)",0.999375139124659,0.925291828793774,0.619483702,0.469195115,0.469195115
"120",12,"C4M1S2","Meteor","HumanFactors","Martian Meteorology Specialist (Space Human Factors -HERA Crew: Flight Engineer)",0.997062806393656,0.0643910544900644,0.249913367,0.270981275,0.270981275
"121",1,"C4M1S3","Drill","Robotics","Drilling Specialist (Space Robotics -HERA: Mission Specialist 2)",0.82781660867691,0.756074154852781,0.720534665,0.803426427,0.539539024
"122",2,"C4M1S3","Mats","Robotics","Materials Specialist (Space Robotics - Mars Mission Control)",0.73978399807636,0.514858078790911,0.282640031,0.808739004,0.812692053
"123",3,"C4M1S3","Ops","Robotics","Operations Specialist (Space Robotics - Mars Mission Control)",0.843574171164148,0.853205440703246,0.837015469,0.958386678,0.967792322
"124",4,"C4M1S3","Bio","Engineer","Biochemical Engineer (Extraterrestrial Engineering -HERA Crew: Commander)",0.789473684210526,0.803571428571429,0.931728056,0.950682881,0.959732741
"125",5,"C4M1S3","Fluid","Engineer","Fluid Engineer (Extraterrestrial Engineering - Mars Mission Control)",0.00000044107143172292,0.000000373214313708026,0.503688364,0.538063547,0.622830465
"126",6,"C4M1S3","Mech","Engineer","Mechanical Engineer (Extraterrestrial Engineering - Mars Mission Control)",0.767413791907337,0.850806784796074,0.770943628,0.761567417,0.810405078
"127",7,"C4M1S3","Hydro","Geology","Hydrogeologist (Planetary Geology - Mars Mission Control)",0.898565314259042,0.725242839061758,0.812924511,0.826548088,0.862467599
"128",8,"C4M1S3","Sedi","Geology","Sedimentologist (Planetary Geology - HERA: Mission Specialist 1)",1,1,1,0.859615322,0.873295555
"129",9,"C4M1S3","Struct","Geology","Structural Geologist (Planetary Geology - Mars Mission Control: MARS COM)",0.0248143149807877,0.0244304976738931,0.024869112,0.377461652,0.497028001
"130",10,"C4M1S3","Terrain","HumanFactors","Martian Terrain Specialist (Space Human Factors - Mars Mission Control)",1,1,0.786662546,0.809621837,0.809621837
"131",11,"C4M1S3","Maint","HumanFactors","Maintenance Specialist (Space Human Factors - Mars Mission Control)",0.991635976824865,0,0,0.350419375,0.350419375
"132",12,"C4M1S3","Meteor","HumanFactors","Martian Meteorology Specialist (Space Human Factors -HERA Crew: Flight Engineer)",0.996916087997721,0.0176556117150177,0.5,0.592481305,0.592481305
"133",1,"C4M1S4","Drill","Robotics","Drilling Specialist (Space Robotics -HERA: Mission Specialist 2)",0.29959663762047,0.00776444929116682,0.841512601,0.890177751,0.710372243
"134",2,"C4M1S4","Mats","Robotics","Materials Specialist (Space Robotics - Mars Mission Control)",0.914963279432534,0.84145910441923,0.956008704,0.958231675,0.965074415
"135",3,"C4M1S4","Ops","Robotics","Operations Specialist (Space Robotics - Mars Mission Control)",0.912725884773593,0.923146674446935,0.991834699,0.983972096,1.001333706
"136",4,"C4M1S4","Bio","Engineer","Biochemical Engineer (Extraterrestrial Engineering -HERA Crew: Commander)",0,0,0.107844185,0.111463134,0.128388051
"137",5,"C4M1S4","Fluid","Engineer","Fluid Engineer (Extraterrestrial Engineering - Mars Mission Control)",0.000000916071435111752,0.00000084821434932988,0.863168228,0.854826929,0.852151036
"138",6,"C4M1S4","Mech","Engineer","Mechanical Engineer (Extraterrestrial Engineering - Mars Mission Control)",0.901983629680709,1,0.720527751,0.733352973,0.782283492
"139",7,"C4M1S4","Hydro","Geology","Hydrogeologist (Planetary Geology - Mars Mission Control)",1,1,0.904641826,0.959083014,0.972086657
"140",8,"C4M1S4","Sedi","Geology","Sedimentologist (Planetary Geology - HERA: Mission Specialist 1)",0.950819672131147,0.950819672131147,0.968704663,0.983326402,0.990233685
"141",9,"C4M1S4","Struct","Geology","Structural Geologist (Planetary Geology - Mars Mission Control: MARS COM)",0.474829005211819,0.571261880931631,0.393264368,0.733109082,0.784448691
"142",10,"C4M1S4","Terrain","HumanFactors","Martian Terrain Specialist (Space Human Factors - Mars Mission Control)",0.543217336372875,0.464948685776791,0.362645815,0.491198722,0.491198722
"143",11,"C4M1S4","Maint","HumanFactors","Maintenance Specialist (Space Human Factors - Mars Mission Control)",0.997107125577126,0.654128837008214,0.499561218,0.564678724,0.564678724
"144",12,"C4M1S4","Meteor","HumanFactors","Martian Meteorology Specialist (Space Human Factors -HERA Crew: Flight Engineer)",0.996860661048145,0,0.442714055,0.486434833,0.486434833
"145",1,"C4M2S1","Drill","Robotics","Drilling Specialist (Space Robotics -HERA: Mission Specialist 2)",0.833297410475106,0.763838604143948,0.999999974,1.000004235,0.899947462
"146",2,"C4M2S1","Mats","Robotics","Materials Specialist (Space Robotics - Mars Mission Control)",0.940756446627804,0.889547410267741,0.382297441,0.895871228,0.817952411
"147",3,"C4M2S1","Ops","Robotics","Operations Specialist (Space Robotics - Mars Mission Control)",0.975718266430821,0.986858253807685,0.952697886,0.86813215,0.842360365
"148",4,"C4M2S1","Bio","Engineer","Biochemical Engineer (Extraterrestrial Engineering -HERA Crew: Commander)",0.210526315789474,0.214285714285714,0,0.016570848,0.022156865
"149",5,"C4M2S1","Fluid","Engineer","Fluid Engineer (Extraterrestrial Engineering - Mars Mission Control)",0.000000780357148428673,0.000000712500053442594,0.812370317,0.866512606,0.890348066
"150",6,"C4M2S1","Mech","Engineer","Mechanical Engineer (Extraterrestrial Engineering - Mars Mission Control)",0.00018693378727282,0.00020724742791511,0.00021823,0.000233792,0.000289504
"151",7,"C4M2S1","Hydro","Geology","Hydrogeologist (Planetary Geology - Mars Mission Control)",0.748720241728659,0.319355972963755,0.677323643,0.610236936,0.683809952
"152",8,"C4M2S1","Sedi","Geology","Sedimentologist (Planetary Geology - HERA: Mission Specialist 1)",0.229508196721312,0.229508196721312,0.508745078,0.518740432,0.551729654
"153",9,"C4M2S1","Struct","Geology","Structural Geologist (Planetary Geology - Mars Mission Control: MARS COM)",0.101366442904236,0.117452140994496,0.087541788,0.347634959,0.472912963
"154",10,"C4M2S1","Terrain","HumanFactors","Martian Terrain Specialist (Space Human Factors - Mars Mission Control)",0.68441868768711,0.630344561335778,0.218692093,0.340071338,0.340071338
"155",11,"C4M2S1","Maint","HumanFactors","Maintenance Specialist (Space Human Factors - Mars Mission Control)",0.996830132851136,0.621011673151751,0.922621506,0.595695512,0.595695512
"156",12,"C4M2S1","Meteor","HumanFactors","Martian Meteorology Specialist (Space Human Factors -HERA Crew: Flight Engineer)",0.997268212147967,0.12982067437513,0.014123871,0.178884383,0.178884383
"157",1,"C4M2S2","Drill","Robotics","Drilling Specialist (Space Robotics -HERA: Mission Specialist 2)",0.911752932844783,0.874983642311887,0.999999993,1.000233102,1
"158",2,"C4M2S2","Mats","Robotics","Materials Specialist (Space Robotics - Mars Mission Control)",0.979148278233255,0.961124433994629,0.971647334,0.998845531,0.999280945
"159",3,"C4M2S2","Ops","Robotics","Operations Specialist (Space Robotics - Mars Mission Control)",0.988711664178842,1,0.983768111,0.981279469,0.98881099
"160",4,"C4M2S2","Bio","Engineer","Biochemical Engineer (Extraterrestrial Engineering -HERA Crew: Commander)",0.87719298245614,0.892857142857143,1,0.998706118,0.998706118
"161",5,"C4M2S2","Fluid","Engineer","Fluid Engineer (Extraterrestrial Engineering - Mars Mission Control)",0.000000407142860049236,0.000000339285739734569,0.439529331,0.438245453,0.438245453
"162",6,"C4M2S2","Mech","Engineer","Mechanical Engineer (Extraterrestrial Engineering - Mars Mission Control)",0.372079473959646,0.412512446696352,0.339928079,0.354631864,0.473076947
"163",7,"C4M2S2","Hydro","Geology","Hydrogeologist (Planetary Geology - Mars Mission Control)",0.766585405907969,0.367747524174731,0.693485232,0.683300024,0.743121587
"164",8,"C4M2S2","Sedi","Geology","Sedimentologist (Planetary Geology - HERA: Mission Specialist 1)",0.934426229508197,0.934426229508197,0.953978238,0.745638585,0.764287802
"165",9,"C4M2S2","Struct","Geology","Structural Geologist (Planetary Geology - Mars Mission Control: MARS COM)",0.00470924570438687,0,0.008416602,0.323401077,0.452763031
"166",10,"C4M2S2","Terrain","HumanFactors","Martian Terrain Specialist (Space Human Factors - Mars Mission Control)",0.987942541679255,0.985876524145031,0.25,0.422032107,0.422032107
"167",11,"C4M2S2","Maint","HumanFactors","Maintenance Specialist (Space Human Factors - Mars Mission Control)",1,1,1,0.752101684,0.752101684
"168",12,"C4M2S2","Meteor","HumanFactors","Martian Meteorology Specialist (Space Human Factors -HERA Crew: Flight Engineer)",0.998956886545042,0.667728311292668,0.25,0.398082071,0.398082071
"169",1,"C4M3S1","Drill","Robotics","Drilling Specialist (Space Robotics -HERA: Mission Specialist 2)",0.294115835822274,0,0.860043116,0.909351648,0.533467682
"170",2,"C4M3S1","Mats","Robotics","Materials Specialist (Space Robotics - Mars Mission Control)",0.951231064130861,0.909076094214144,0.798593676,0.965487099,0.943107843
"171",3,"C4M3S1","Ops","Robotics","Operations Specialist (Space Robotics - Mars Mission Control)",0.931128481308088,0.941759377423166,0.800748736,0.897817266,0.686242573
"172",4,"C4M3S1","Bio","Engineer","Biochemical Engineer (Extraterrestrial Engineering -HERA Crew: Commander)",0.350877192982456,0.357142857142857,0.082883444,0.088142453,0.08990221
"173",5,"C4M3S1","Fluid","Engineer","Fluid Engineer (Extraterrestrial Engineering - Mars Mission Control)",0.000000983928578455234,0.000000916071497276794,0.968032181,0.97465868,0.977293257
"174",6,"C4M3S1","Mech","Engineer","Mechanical Engineer (Extraterrestrial Engineering - Mars Mission Control)",0.0000185487612665418,0.0000205644101025225,0.00000812,0.0000118,0.0000172
"175",7,"C4M3S1","Hydro","Geology","Hydrogeologist (Planetary Geology - Mars Mission Control)",0.630820593011742,0,0.570666691,0.672374655,0.735196315
"176",8,"C4M3S1","Sedi","Geology","Sedimentologist (Planetary Geology - HERA: Mission Specialist 1)",0.901639344262295,0.901639344262295,0.934949223,0.831799402,0.84716851
"177",9,"C4M3S1","Struct","Geology","Structural Geologist (Planetary Geology - Mars Mission Control: MARS COM)",0.827658886140306,1,0.682096717,0.925824183,0.940122005
"178",10,"C4M3S1","Terrain","HumanFactors","Martian Terrain Specialist (Space Human Factors - Mars Mission Control)",0.561948968661595,0.486889939838497,0.158536345,0.475600742,0.475600742
"179",11,"C4M3S1","Maint","HumanFactors","Maintenance Specialist (Space Human Factors - Mars Mission Control)",0.993606747525448,0.235624729788154,0.285324875,0.578574721,0.578574721
"180",12,"C4M3S1","Meteor","HumanFactors","Martian Meteorology Specialist (Space Human Factors -HERA Crew: Flight Engineer)",0.999718735400976,0.91040642525791,0.952233792,0.925692237,0.925692237
"181",1,"C4M3S2","Drill","Robotics","Drilling Specialist (Space Robotics -HERA: Mission Specialist 2)",0.373956954152169,0.113107960741548,0.736976028,0.790338169,0.836612313
"182",2,"C4M3S2","Mats","Robotics","Materials Specialist (Space Robotics - Mars Mission Control)",0.901587862402841,0.816522223263621,0.196857254,0.940517142,0.87153497
"183",3,"C4M3S2","Ops","Robotics","Operations Specialist (Space Robotics - Mars Mission Control)",0.913076731079582,0.923501526441404,0.811484539,0.96099151,0.840202339
"184",4,"C4M3S2","Bio","Engineer","Biochemical Engineer (Extraterrestrial Engineering -HERA Crew: Commander)",0.403508771929825,0.410714285714286,0.157107309,0.169592217,0.173795778
"185",5,"C4M3S2","Fluid","Engineer","Fluid Engineer (Extraterrestrial Engineering - Mars Mission Control)",0.000000067857143339596,0,0.079138739,0.089806258,0.09338999
"186",6,"C4M3S2","Mech","Engineer","Mechanical Engineer (Extraterrestrial Engineering - Mars Mission Control)",0.0000193452052531064,0.0000214474017227875,0.0000117,0.0000145,0.0000232
"187",7,"C4M3S2","Hydro","Geology","Hydrogeologist (Planetary Geology - Mars Mission Control)",0.74762563701608,0.316391006088953,0.676333417,0.695020312,0.753716264
"188",8,"C4M3S2","Sedi","Geology","Sedimentologist (Planetary Geology - HERA: Mission Specialist 1)",0.377049180327869,0.377049180327869,0.607790674,0.643192221,0.669031154
"189",9,"C4M3S2","Struct","Geology","Structural Geologist (Planetary Geology - Mars Mission Control: MARS COM)",0.507517763029082,0.610983336791247,0.420023918,0.680223358,0.74152874
"190",10,"C4M3S2","Terrain","HumanFactors","Martian Terrain Specialist (Space Human Factors - Mars Mission Control)",0.538218572331017,0.459093395103433,0.457469092,0.630137396,0.630137396
"191",11,"C4M3S2","Maint","HumanFactors","Maintenance Specialist (Space Human Factors - Mars Mission Control)",0.992925475598861,0.154172070903589,0.142072362,0.420029341,0.420029341
"192",12,"C4M3S2","Meteor","HumanFactors","Martian Meteorology Specialist (Space Human Factors -HERA Crew: Flight Engineer)",0.999813287256135,0.940524821712941,0.94198805,0.87798246,0.87798246
"193",1,"C4M3S3","Drill","Robotics","Drilling Specialist (Space Robotics -HERA: Mission Specialist 2)",0.294423746035656,0.000436205016357549,0.843394083,0.893584203,0.912816172
"194",2,"C4M3S3","Mats","Robotics","Materials Specialist (Space Robotics - Mars Mission Control)",1,1,0.899743249,0.972244371,0.978940012
"195",3,"C4M3S3","Ops","Robotics","Operations Specialist (Space Robotics - Mars Mission Control)",0.816596811149819,0.825920074310067,0.933633648,0.966504049,0.978088275
"196",4,"C4M3S3","Bio","Engineer","Biochemical Engineer (Extraterrestrial Engineering -HERA Crew: Commander)",0.263157894736842,0.267857142857143,0.167088975,0.17428352,0.176695672
"197",5,"C4M3S3","Fluid","Engineer","Fluid Engineer (Extraterrestrial Engineering - Mars Mission Control)",0.000000983928578455234,0.000000916071497276794,0.917782808,0.929622964,0.93404031
"198",6,"C4M3S3","Mech","Engineer","Mechanical Engineer (Extraterrestrial Engineering - Mars Mission Control)",0.217776395039235,0.241441626957604,0.224799389,0.256585773,0.292267582
"199",7,"C4M3S3","Hydro","Geology","Hydrogeologist (Planetary Geology - Mars Mission Control)",0.826429671223318,0.529848291938443,0.747622854,0.833113437,0.868014218
"200",8,"C4M3S3","Sedi","Geology","Sedimentologist (Planetary Geology - HERA: Mission Specialist 1)",1,1,1,0.940205984,0.949525019
"201",9,"C4M3S3","Struct","Geology","Structural Geologist (Planetary Geology - Mars Mission Control: MARS COM)",0.560015756264438,0.674775810420068,0.46299963,0.789624336,0.830112165
"202",10,"C4M3S3","Terrain","HumanFactors","Martian Terrain Specialist (Space Human Factors - Mars Mission Control)",0.38918948611607,0.284528520413088,0.314271573,0.550138593,0.550138593
"203",11,"C4M3S3","Maint","HumanFactors","Maintenance Specialist (Space Human Factors - Mars Mission Control)",0.997216331586589,0.667185473411154,0.19888557,0.448169572,0.448169572
"204",12,"C4M3S3","Meteor","HumanFactors","Martian Meteorology Specialist (Space Human Factors -HERA Crew: Flight Engineer)",0.999687000755337,0.9002977220799,0.960179105,0.928217218,0.928217218
"205",1,"C4M3S4","Drill","Robotics","Drilling Specialist (Space Robotics -HERA: Mission Specialist 2)",0.362595067278382,0.0970119956379496,0.843343485,0.892079848,0.911935275
"206",2,"C4M3S4","Mats","Robotics","Materials Specialist (Space Robotics - Mars Mission Control)",0.909031058988642,0.830399181885988,0.924501818,0.92712737,0.94151453
"207",3,"C4M3S4","Ops","Robotics","Operations Specialist (Space Robotics - Mars Mission Control)",0.895843336976704,0.906071374934908,0.989486106,0.974253616,1.00107615
"208",4,"C4M3S4","Bio","Engineer","Biochemical Engineer (Extraterrestrial Engineering -HERA Crew: Commander)",0.175438596491228,0.178571428571428,0.158275371,0.154371748,0.153074539
"209",5,"C4M3S4","Fluid","Engineer","Fluid Engineer (Extraterrestrial Engineering - Mars Mission Control)",0.00000033928571670964,0.000000271428591787655,0.285616067,0.277104969,0.274290118
"210",6,"C4M3S4","Mech","Engineer","Mechanical Engineer (Extraterrestrial Engineering - Mars Mission Control)",0.512954192880415,0.568695679168806,0.574013793,0.589204481,0.653658269
"211",7,"C4M3S4","Hydro","Geology","Hydrogeologist (Planetary Geology - Mars Mission Control)",0.725957583851964,0.25769853095638,0.656731591,0.740829768,0.791777602
"212",8,"C4M3S4","Sedi","Geology","Sedimentologist (Planetary Geology - HERA: Mission Specialist 1)",0.918032786885246,0.918032786885246,0.944879793,0.860412537,0.874234254
"213",9,"C4M3S4","Struct","Geology","Structural Geologist (Planetary Geology - Mars Mission Control: MARS COM)",0.722682484489482,0.872438851063575,0.596161296,0.876990151,0.900706713
"214",10,"C4M3S4","Terrain","HumanFactors","Martian Terrain Specialist (Space Human Factors - Mars Mission Control)",0.146282512565575,0,0.470286166,0.67506223,0.67506223
"215",11,"C4M3S4","Maint","HumanFactors","Maintenance Specialist (Space Human Factors - Mars Mission Control)",0.997724031047804,0.727885862516213,0.212476579,0.551197678,0.551197678
"216",12,"C4M3S4","Meteor","HumanFactors","Martian Meteorology Specialist (Space Human Factors -HERA Crew: Flight Engineer)",0.99749654944416,0.202554870871703,0.785541559,0.804259399,0.804259399
"217",1,"C4M4S1","Drill","Robotics","Drilling Specialist (Space Robotics -HERA: Mission Specialist 2)",1,1,0.999999991,1,0.999193864
"218",2,"C4M4S1","Mats","Robotics","Materials Specialist (Space Robotics - Mars Mission Control)",0.999791295408522,0.999610895003666,0.26656053,0.856178082,0.921944616
"219",3,"C4M4S1","Ops","Robotics","Operations Specialist (Space Robotics - Mars Mission Control)",0.700088272987869,0.708081332861908,0.779510509,0.896115979,0.963451303
"220",4,"C4M4S1","Bio","Engineer","Biochemical Engineer (Extraterrestrial Engineering -HERA Crew: Commander)",0.701754385964912,0.714285714285715,0.991080548,0.993475475,0.994672748
"221",5,"C4M4S1","Fluid","Engineer","Fluid Engineer (Extraterrestrial Engineering - Mars Mission Control)",1,1,0.794195402,0.799912337,0.836629108
"222",6,"C4M4S1","Mech","Engineer","Mechanical Engineer (Extraterrestrial Engineering - Mars Mission Control)",0,0,0.999508271,0.999688574,0.99974623
"223",7,"C4M4S1","Hydro","Geology","Hydrogeologist (Planetary Geology - Mars Mission Control)",0.984078572932768,0.956873469197217,0.890238639,0.874145788,0.901353221
"224",8,"C4M4S1","Sedi","Geology","Sedimentologist (Planetary Geology - HERA: Mission Specialist 1)",0.934426229508197,0.934426229508197,0.960136788,0.873300305,0.885683893
"225",9,"C4M4S1","Struct","Geology","Structural Geologist (Planetary Geology - Mars Mission Control: MARS COM)",0.013445253408691,0.0106154827404464,0.015568035,0.373295628,0.493558353
"226",10,"C4M4S1","Terrain","HumanFactors","Martian Terrain Specialist (Space Human Factors - Mars Mission Control)",1,1,NA,NA,NA
"227",11,"C4M4S1","Maint","HumanFactors","Maintenance Specialist (Space Human Factors - Mars Mission Control)",0.996485157576208,0.579766536964981,0.442637574,0.482609816,0.482609816
"228",12,"C4M4S1","Meteor","HumanFactors","Martian Meteorology Specialist (Space Human Factors -HERA Crew: Flight Engineer)",0.99784747811118,0.314339126220315,0.387709993,0.410254155,0.410254155
"229",1,"C4M4S2","Drill","Robotics","Drilling Specialist (Space Robotics -HERA: Mission Specialist 2)",0.898050928349293,0.85557251908397,0.999999963,0.999999841,0.998725507
"230",2,"C4M4S2","Mats","Robotics","Materials Specialist (Space Robotics - Mars Mission Control)",0.976268809122501,0.95575600481992,0.975173489,0.990634018,0.994753637
"231",3,"C4M4S2","Ops","Robotics","Operations Specialist (Space Robotics - Mars Mission Control)",0.98200086239678,0.993212579536386,0.999999974,0.989067193,0.995686326
"232",4,"C4M4S2","Bio","Engineer","Biochemical Engineer (Extraterrestrial Engineering -HERA Crew: Commander)",0.807017543859649,0.821428571428572,0.806275049,0.812935255,0.815208659
"233",5,"C4M4S2","Fluid","Engineer","Fluid Engineer (Extraterrestrial Engineering - Mars Mission Control)",0.000000610714290075797,0.00000054285718357531,0.567867633,0.575191147,0.577660538
"234",6,"C4M4S2","Mech","Engineer","Mechanical Engineer (Extraterrestrial Engineering - Mars Mission Control)",0.411280572733769,0.455973433663489,0.631865617,0.663273941,0.696947414
"235",7,"C4M4S2","Hydro","Geology","Hydrogeologist (Planetary Geology - Mars Mission Control)",0.860740034952633,0.62278512178282,0.778661449,0.706829083,0.763616947
"236",8,"C4M4S2","Sedi","Geology","Sedimentologist (Planetary Geology - HERA: Mission Specialist 1)",0.39344262295082,0.39344262295082,0.618539896,0.620933043,0.648178327
"237",9,"C4M4S2","Struct","Geology","Structural Geologist (Planetary Geology - Mars Mission Control: MARS COM)",0.0555213982593881,0.0617439391893844,0.050012242,0.352122577,0.476557098
"238",10,"C4M4S2","Terrain","HumanFactors","Martian Terrain Specialist (Space Human Factors - Mars Mission Control)",1,1,NA,NA,NA
"239",11,"C4M4S2","Maint","HumanFactors","Maintenance Specialist (Space Human Factors - Mars Mission Control)",0.996485157576208,0.579766536964981,0.5,0.614222081,0.614222081
"240",12,"C4M4S2","Meteor","HumanFactors","Martian Meteorology Specialist (Space Human Factors -HERA Crew: Flight Engineer)",0.998888200599686,0.645849200304646,0.634816473,0.657501292,0.657501292
"241",1,"C4M4S3","Drill","Robotics","Drilling Specialist (Space Robotics -HERA: Mission Specialist 2)",0.725128552514087,0.610599781897492,0.021057083,0.294026391,0.723983771
"242",2,"C4M4S3","Mats","Robotics","Materials Specialist (Space Robotics - Mars Mission Control)",0.734768959570413,0.505508133369697,0.648673665,0.783634809,0.858041301
"243",3,"C4M4S3","Ops","Robotics","Operations Specialist (Space Robotics - Mars Mission Control)",0,0,0.000007,0.752081425,0.999969473
"244",4,"C4M4S3","Bio","Engineer","Biochemical Engineer (Extraterrestrial Engineering -HERA Crew: Commander)",0.982456140350877,1,1,0.996369962,0.997036086
"245",5,"C4M4S3","Fluid","Engineer","Fluid Engineer (Extraterrestrial Engineering - Mars Mission Control)",0.000000882142863441954,0.000000814285775356423,0.796211914,0.794603201,0.832294216
"246",6,"C4M4S3","Mech","Engineer","Mechanical Engineer (Extraterrestrial Engineering - Mars Mission Control)",0.697809324225451,0.773638568665007,0.801361508,0.311672514,0.191869347
"247",7,"C4M4S3","Hydro","Geology","Hydrogeologist (Planetary Geology - Mars Mission Control)",0.818635153925678,0.508735203965236,0.740571606,0.752647589,0.801511971
"248",8,"C4M4S3","Sedi","Geology","Sedimentologist (Planetary Geology - HERA: Mission Specialist 1)",1,1,1,0.808724556,0.825414869
"249",9,"C4M4S3","Struct","Geology","Structural Geologist (Planetary Geology - Mars Mission Control: MARS COM)",0.0194817955627254,0.0179507337174525,0.020509664,0.357996915,0.481328857
"250",10,"C4M4S3","Terrain","HumanFactors","Martian Terrain Specialist (Space Human Factors - Mars Mission Control)",0.540333434041034,0.461570633465238,0.492885815,0.613908521,0.613908521
"251",11,"C4M4S3","Maint","HumanFactors","Maintenance Specialist (Space Human Factors - Mars Mission Control)",0.999136476984772,0.896757457846952,0.553308993,0.86587202,0.86587202
"252",12,"C4M4S3","Meteor","HumanFactors","Martian Meteorology Specialist (Space Human Factors -HERA Crew: Flight Engineer)",0.999528110166553,0.84968496849685,0.828977021,0.868034986,0.868034986
"253",1,"C4M4S4","Drill","Robotics","Drilling Specialist (Space Robotics -HERA: Mission Specialist 2)",0.911752932844783,0.874983642311887,0.999999993,1,1
"254",2,"C4M4S4","Mats","Robotics","Materials Specialist (Space Robotics - Mars Mission Control)",0.999737686349441,0.99951094726131,0.973040899,0.99955246,0.999511172
"255",3,"C4M4S4","Ops","Robotics","Operations Specialist (Space Robotics - Mars Mission Control)",0.988622938876624,0.999910261701735,0.984318827,0.981471961,0.985229111
"256",4,"C4M4S4","Bio","Engineer","Biochemical Engineer (Extraterrestrial Engineering -HERA Crew: Commander)",0.68421052631579,0.696428571428572,0.651784626,0.645644864,0.643621783
"257",5,"C4M4S4","Fluid","Engineer","Fluid Engineer (Extraterrestrial Engineering - Mars Mission Control)",0.000000882142863441954,0.000000814285775356423,0.905443242,0.899108996,0.897084179
"258",6,"C4M4S4","Mech","Engineer","Mechanical Engineer (Extraterrestrial Engineering - Mars Mission Control)",0.056761305380916,0.0629294185760431,0.051849118,0.055297342,0.205933465
"259",7,"C4M4S4","Hydro","Geology","Hydrogeologist (Planetary Geology - Mars Mission Control)",0.766585405907969,0.367747524174731,0.693485232,0.683300024,0.743121587
"260",8,"C4M4S4","Sedi","Geology","Sedimentologist (Planetary Geology - HERA: Mission Specialist 1)",0.934426229508197,0.934426229508197,0.953978238,0.745638585,0.764287802
"261",9,"C4M4S4","Struct","Geology","Structural Geologist (Planetary Geology - Mars Mission Control: MARS COM)",0.00470924570438687,0,0.008416602,0.323401077,0.452763031
"262",10,"C4M4S4","Terrain","HumanFactors","Martian Terrain Specialist (Space Human Factors - Mars Mission Control)",1,1,1,0.968692759,0.968692759
"263",11,"C4M4S4","Maint","HumanFactors","Maintenance Specialist (Space Human Factors - Mars Mission Control)",0.999331746008316,0.920103761348897,0.77527433,0.850173695,0.850173695
"264",12,"C4M4S4","Meteor","HumanFactors","Martian Meteorology Specialist (Space Human Factors -HERA Crew: Flight Engineer)",0.99999174029771,0.997368967665997,0.981134752,0.939266788,0.939266788
"265",1,"C4M5S1","Drill","Robotics","Drilling Specialist (Space Robotics -HERA: Mission Specialist 2)",0.842503925855221,0.776881134133042,0.648665801,0.752068985,0.877589871
"266",2,"C4M5S1","Mats","Robotics","Materials Specialist (Space Robotics - Mars Mission Control)",0.818361005076392,0.661355603374515,0.91223764,0.98864887,0.981806864
"267",3,"C4M5S1","Ops","Robotics","Operations Specialist (Space Robotics - Mars Mission Control)",0.944385623062532,0.955167878844512,0.951658562,0.965410326,0.956458028
"268",4,"C4M5S1","Bio","Engineer","Biochemical Engineer (Extraterrestrial Engineering -HERA Crew: Commander)",0.982456140350877,1,1,0.988360343,0.986559682
"269",5,"C4M5S1","Fluid","Engineer","Fluid Engineer (Extraterrestrial Engineering - Mars Mission Control)",0.000000373214288379438,0.000000305357165761112,0.443485934,0.43513972,0.486582542
"270",6,"C4M5S1","Mech","Engineer","Mechanical Engineer (Extraterrestrial Engineering - Mars Mission Control)",0.470156080595185,0.521246799968659,0.788867661,0.824238396,0.85719868
"271",7,"C4M5S1","Hydro","Geology","Hydrogeologist (Planetary Geology - Mars Mission Control)",0.870763316324001,0.649935285582953,0.787728915,0.796420131,0.837459068
"272",8,"C4M5S1","Sedi","Geology","Sedimentologist (Planetary Geology - HERA: Mission Specialist 1)",0.360655737704918,0.360655737704918,0.591587565,0.669097582,0.693513015
"273",9,"C4M5S1","Struct","Geology","Structural Geologist (Planetary Geology - Mars Mission Control: MARS COM)",0.0249089258588178,0.0245454632481899,0.024952398,0.370848745,0.491631936
"274",10,"C4M5S1","Terrain","HumanFactors","Martian Terrain Specialist (Space Human Factors - Mars Mission Control)",1,1,NA,NA,NA
"275",11,"C4M5S1","Maint","HumanFactors","Maintenance Specialist (Space Human Factors - Mars Mission Control)",0.9990641551242,0.888110678772157,0.75,0.883200002,0.883200002
"276",12,"C4M5S1","Meteor","HumanFactors","Martian Meteorology Specialist (Space Human Factors -HERA Crew: Flight Engineer)",0.999454316247412,0.826178771723326,0.75,0.772640688,0.772640688
"277",1,"C4M5S2","Drill","Robotics","Drilling Specialist (Space Robotics -HERA: Mission Specialist 2)",0.831911814514887,0.761875681570338,0.605315921,0.721592621,0.882687837
"278",2,"C4M5S2","Mats","Robotics","Materials Specialist (Space Robotics - Mars Mission Control)",0.953384955970334,0.913091770488293,0.961139918,0.991456653,0.994169914
"279",3,"C4M5S2","Ops","Robotics","Operations Specialist (Space Robotics - Mars Mission Control)",0.958527681409669,0.969471400143497,0.99547296,0.993253594,0.992862442
"280",4,"C4M5S2","Bio","Engineer","Biochemical Engineer (Extraterrestrial Engineering -HERA Crew: Commander)",0.0526315789473684,0.0535714285714285,0.065729538,0.065080745,0.067874426
"281",5,"C4M5S2","Fluid","Engineer","Fluid Engineer (Extraterrestrial Engineering - Mars Mission Control)",0.000000882142863441954,0.000000814285775356423,0.853258147,0.851464712,0.850871694
"282",6,"C4M5S2","Mech","Engineer","Mechanical Engineer (Extraterrestrial Engineering - Mars Mission Control)",0.470007501873582,0.521082075558244,0.78861921,0.824001854,0.856986313
"283",7,"C4M5S2","Hydro","Geology","Hydrogeologist (Planetary Geology - Mars Mission Control)",0.870763316324001,0.649935285582953,0.787728915,0.796420131,0.837459068
"284",8,"C4M5S2","Sedi","Geology","Sedimentologist (Planetary Geology - HERA: Mission Specialist 1)",0.360655737704918,0.360655737704918,0.591587565,0.669097582,0.693513015
"285",9,"C4M5S2","Struct","Geology","Structural Geologist (Planetary Geology - Mars Mission Control: MARS COM)",0.0249089258588178,0.0245454632481899,0.024952398,0.370848745,0.491631936
"286",10,"C4M5S2","Terrain","HumanFactors","Martian Terrain Specialist (Space Human Factors - Mars Mission Control)",0.884643906726359,0.864877907537883,0.119707672,0.366384136,0.366384136
"287",11,"C4M5S2","Maint","HumanFactors","Maintenance Specialist (Space Human Factors - Mars Mission Control)",0.997361698526339,0.684565499351492,0.435394426,0.722054072,0.722054072
"288",12,"C4M5S2","Meteor","HumanFactors","Martian Meteorology Specialist (Space Human Factors -HERA Crew: Flight Engineer)",0.997918446342696,0.336945232984837,0.843083161,0.754960049,0.754960049
"289",1,"C4M5S3","Drill","Robotics","Drilling Specialist (Space Robotics -HERA: Mission Specialist 2)",0.806540012932229,0.725932388222465,1,1.000000047,1
"290",2,"C4M5S3","Mats","Robotics","Materials Specialist (Space Robotics - Mars Mission Control)",0.463629114393743,0,0.664686481,0.931293671,0.94762781
"291",3,"C4M5S3","Ops","Robotics","Operations Specialist (Space Robotics - Mars Mission Control)",0.549928280228822,0.556206930850316,0.181007825,0.71964798,0.999768522
"292",4,"C4M5S3","Bio","Engineer","Biochemical Engineer (Extraterrestrial Engineering -HERA Crew: Commander)",0.807017543859649,0.821428571428572,0.883461474,0.887373781,0.908041077
"293",5,"C4M5S3","Fluid","Engineer","Fluid Engineer (Extraterrestrial Engineering - Mars Mission Control)",0.000000983928578455234,0.000000916071497276794,0.980983768,0.984752876,0.987550776
"294",6,"C4M5S3","Mech","Engineer","Mechanical Engineer (Extraterrestrial Engineering - Mars Mission Control)",0.595416326527447,0.660118772597034,0.999321465,0.830315149,0.861203407
"295",7,"C4M5S3","Hydro","Geology","Hydrogeologist (Planetary Geology - Mars Mission Control)",0.773960026844903,0.387723234621573,0.700156615,0.586196925,0.663911841
"296",8,"C4M5S3","Sedi","Geology","Sedimentologist (Planetary Geology - HERA: Mission Specialist 1)",0,0,0.372757513,0.421563913,0.460003073
"297",9,"C4M5S3","Struct","Geology","Structural Geologist (Planetary Geology - Mars Mission Control: MARS COM)",0.112961098040757,0.131541283958795,0.097033353,0.331765867,0.460060783
"298",10,"C4M5S3","Terrain","HumanFactors","Martian Terrain Specialist (Space Human Factors - Mars Mission Control)",0.34279985717817,0.23019013608725,-0.00000000000000222,0.273109168,0.273109168
"299",11,"C4M5S3","Maint","HumanFactors","Maintenance Specialist (Space Human Factors - Mars Mission Control)",0.997251046079664,0.671335927367056,0.5,0.73307451,0.73307451
"300",12,"C4M5S3","Meteor","HumanFactors","Martian Meteorology Specialist (Space Human Factors -HERA Crew: Flight Engineer)",1,1,1,0.839899304,0.839899304
"301",1,"NEK1S1","Drill","Robotics","Drilling Specialist (Space Robotics -HERA: Mission Specialist 2)",0.715152261600517,0.727745574181419,0.52,1,0.94
"302",3,"NEK1S1","Ops","Robotics","Operations Specialist (Space Robotics - Mars Mission Control)",0.993516936735038,0.971120511470636,1,1,1
"303",2,"NEK1S1","Mats","Robotics","Materials Specialist (Space Robotics - Mars Mission Control)",0.991064439861678,0.986822885999125,1,1,1
"304",4,"NEK1S1","Bio","Engineer","Biochemical Engineer (Extraterrestrial Engineering -HERA Crew: Commander)",0.68421052631579,0.690909090909091,0.42,0.78,0
"305",5,"NEK1S1","Fluid","Engineer","Fluid Engineer (Extraterrestrial Engineering - Mars Mission Control)",0.000000814285720102358,0.923076923076923,0.79,0.78,0.78
"306",6,"NEK1S1","Mech","Engineer","Mechanical Engineer (Extraterrestrial Engineering - Mars Mission Control)",0.000314239070813125,0.000295674841093405,0,0,0
"307",7,"NEK1S1","Hydro","Geology","Hydrogeologist (Planetary Geology - Mars Mission Control)",0.923685573733089,0.840825366058644,0.84,0.85,0.86
"308",8,"NEK1S1","Sedi","Geology","Sedimentologist (Planetary Geology - HERA: Mission Specialist 1)",0.442622950819672,0.288888888888889,0.65,0.82,0.84
"309",9,"NEK1S1","Struct","Geology","Structural Geologist (Planetary Geology - Mars Mission Control: MARS COM)",0.0826269362385941,0.0946829017286932,0.07,0.82,0.83
"310",10,"NEK1S1","Terrain","HumanFactors","Martian Terrain Specialist (Space Human Factors - Mars Mission Control)",1,1,1,0.09,0.09
"311",11,"NEK1S1","Maint","HumanFactors","Maintenance Specialist (Space Human Factors - Mars Mission Control)",0.99272297438926,0,0.02,0.08,0.08
"312",12,"NEK1S1","Meteor","HumanFactors","Martian Meteorology Specialist (Space Human Factors -HERA Crew: Flight Engineer)",0.99827546110614,0.730021876206408,0.1,0.09,0.09
"313",1,"NEK1S2","Drill","Robotics","Drilling Specialist (Space Robotics -HERA: Mission Specialist 2)",0.29959663762047,0.304872317092276,0.84,1,1
"314",3,"NEK1S2","Ops","Robotics","Operations Specialist (Space Robotics - Mars Mission Control)",0.943710898766017,0.749254266543908,0.97,1,1
"315",2,"NEK1S2","Mats","Robotics","Materials Specialist (Space Robotics - Mars Mission Control)",0.924992487653504,0.704690435129069,0.99,0.99,0.98
"316",4,"NEK1S2","Bio","Engineer","Biochemical Engineer (Extraterrestrial Engineering -HERA Crew: Commander)",0.947368421052632,0.963636363636364,0.97,0.83,0.07
"317",5,"NEK1S2","Fluid","Engineer","Fluid Engineer (Extraterrestrial Engineering - Mars Mission Control)",0.000000848214291772156,0.961538461538461,0.83,0.83,0.83
"318",6,"NEK1S2","Mech","Engineer","Mechanical Engineer (Extraterrestrial Engineering - Mars Mission Control)",0.0000185697203188466,0,0,0,0
"319",7,"NEK1S2","Hydro","Geology","Hydrogeologist (Planetary Geology - Mars Mission Control)",1,1,0.9,0.96,0.97
"320",8,"NEK1S2","Sedi","Geology","Sedimentologist (Planetary Geology - HERA: Mission Specialist 1)",0.950819672131147,0.977777777777778,0.97,1,1
"321",9,"NEK1S2","Struct","Geology","Structural Geologist (Planetary Geology - Mars Mission Control: MARS COM)",0.474829005211819,0.553658575673669,0.39,1,1
"322",10,"NEK1S2","Terrain","HumanFactors","Martian Terrain Specialist (Space Human Factors - Mars Mission Control)",0.498146062786674,0.498146062786674,0,0.28,0.31
"323",11,"NEK1S2","Maint","HumanFactors","Maintenance Specialist (Space Human Factors - Mars Mission Control)",0.997426788200853,0.711519527404004,0.3,0.33,0.33
"324",12,"NEK1S2","Meteor","HumanFactors","Martian Meteorology Specialist (Space Human Factors -HERA Crew: Flight Engineer)",0.998090704607554,0.693561532192339,0.51,0.36,0.34
"325",1,"NEK1S3","Drill","Robotics","Drilling Specialist (Space Robotics -HERA: Mission Specialist 2)",0,0,0.84,1,1
"326",3,"NEK1S3","Ops","Robotics","Operations Specialist (Space Robotics - Mars Mission Control)",0.889791165727422,0.509063133409298,0.99,1,1
"327",2,"NEK1S3","Mats","Robotics","Materials Specialist (Space Robotics - Mars Mission Control)",0.821381833870118,0.26226476567021,1,1,1
"328",4,"NEK1S3","Bio","Engineer","Biochemical Engineer (Extraterrestrial Engineering -HERA Crew: Commander)",0.982456140350877,1,1,0.2,0.2
"329",5,"NEK1S3","Fluid","Engineer","Fluid Engineer (Extraterrestrial Engineering - Mars Mission Control)",0,0,0.22,0.2,0.2
"330",6,"NEK1S3","Mech","Engineer","Mechanical Engineer (Extraterrestrial Engineering - Mars Mission Control)",0.595573225992805,0.595565715761259,1,1,0.89
"331",7,"NEK1S3","Hydro","Geology","Hydrogeologist (Planetary Geology - Mars Mission Control)",0.580971756813462,0.126001852034803,0.53,0.65,0.63
"332",8,"NEK1S3","Sedi","Geology","Sedimentologist (Planetary Geology - HERA: Mission Specialist 1)",0.967213114754098,1,0.98,0.78,0.68
"333",9,"NEK1S3","Struct","Geology","Structural Geologist (Planetary Geology - Mars Mission Control: MARS COM)",0.856234905408242,1,0.71,1,0.89
"334",10,"NEK1S3","Terrain","HumanFactors","Martian Terrain Specialist (Space Human Factors - Mars Mission Control)",0.448268285314071,0.448268285314071,0,0.77,0.82
"335",11,"NEK1S3","Maint","HumanFactors","Maintenance Specialist (Space Human Factors - Mars Mission Control)",0.998906493468154,0.935346242205448,0.75,0.83,0.83
"336",12,"NEK1S3","Meteor","HumanFactors","Martian Meteorology Specialist (Space Human Factors -HERA Crew: Flight Engineer)",0.997952463274494,0.666280615965341,0.75,0.72,0.71
"337",1,"NEK1S4","Drill","Robotics","Drilling Specialist (Space Robotics -HERA: Mission Specialist 2)",0.213843643193645,0.217609274635751,0.84,1,1
"338",3,"NEK1S4","Ops","Robotics","Operations Specialist (Space Robotics - Mars Mission Control)",0.775513224260545,0,0.95,0.79,0.94
"339",2,"NEK1S4","Mats","Robotics","Materials Specialist (Space Robotics - Mars Mission Control)",0.78658072501591,0.113661284073393,0.99,1,1
"340",4,"NEK1S4","Bio","Engineer","Biochemical Engineer (Extraterrestrial Engineering -HERA Crew: Commander)",0.0175438596491227,0,0,0.5,0.5
"341",5,"NEK1S4","Fluid","Engineer","Fluid Engineer (Extraterrestrial Engineering - Mars Mission Control)",0.000000407142860049236,0.461538461538462,0.51,0.5,0.5
"342",6,"NEK1S4","Mech","Engineer","Mechanical Engineer (Extraterrestrial Engineering - Mars Mission Control)",0.910322523974588,0.910320858658015,0.9,0.81,0.67
"343",7,"NEK1S4","Hydro","Geology","Hydrogeologist (Planetary Geology - Mars Mission Control)",0.59982014448482,0.165315325970648,0.54,0.66,0.68
"344",8,"NEK1S4","Sedi","Geology","Sedimentologist (Planetary Geology - HERA: Mission Specialist 1)",0.967213114754098,1,0.97,0.78,0.8
"345",9,"NEK1S4","Struct","Geology","Structural Geologist (Planetary Geology - Mars Mission Control: MARS COM)",0.791529311075587,0.924278079805673,0.65,1,1
"346",10,"NEK1S4","Terrain","HumanFactors","Martian Terrain Specialist (Space Human Factors - Mars Mission Control)",0.788898349309237,0.788898349309237,0.43,0.76,0.77
"347",11,"NEK1S4","Maint","HumanFactors","Maintenance Specialist (Space Human Factors - Mars Mission Control)",0.998479071272174,0.870692484410896,0.7,0.68,0.68
"348",12,"NEK1S4","Meteor","HumanFactors","Martian Meteorology Specialist (Space Human Factors -HERA Crew: Flight Engineer)",0.997143121130395,0.506562861922532,0.49,0.56,0.57
"349",1,"NEK1S5","Drill","Robotics","Drilling Specialist (Space Robotics -HERA: Mission Specialist 2)",0.198478923545894,0.201973993420022,0.84,1,1
"350",3,"NEK1S5","Ops","Robotics","Operations Specialist (Space Robotics - Mars Mission Control)",0.800677626954306,0.11209748374206,0.96,0.78,0.94
"351",2,"NEK1S5","Mats","Robotics","Materials Specialist (Space Robotics - Mars Mission Control)",0.759962649335293,0,0.99,1,1
"352",4,"NEK1S5","Bio","Engineer","Biochemical Engineer (Extraterrestrial Engineering -HERA Crew: Commander)",0.859649122807018,0.872727272727273,1,0.96,0.88
"353",5,"NEK1S5","Fluid","Engineer","Fluid Engineer (Extraterrestrial Engineering - Mars Mission Control)",0.000000644642861745595,0.730769230769231,0.79,0.81,0.81
"354",6,"NEK1S5","Mech","Engineer","Mechanical Engineer (Extraterrestrial Engineering - Mars Mission Control)",1,1,0.92,1,0.73
"355",7,"NEK1S5","Hydro","Geology","Hydrogeologist (Planetary Geology - Mars Mission Control)",0.900134991704365,0.791704178140423,0.81,0.86,0.87
"356",8,"NEK1S5","Sedi","Geology","Sedimentologist (Planetary Geology - HERA: Mission Specialist 1)",0.819672131147541,0.8,0.89,0.86,0.87
"357",9,"NEK1S5","Struct","Geology","Structural Geologist (Planetary Geology - Mars Mission Control: MARS COM)",0.585638958984982,0.683334263887137,0.48,1,1
"358",10,"NEK1S5","Terrain","HumanFactors","Martian Terrain Specialist (Space Human Factors - Mars Mission Control)",0.595484632920432,0.595484632920432,0,0.17,0.18
"359",11,"NEK1S5","Maint","HumanFactors","Maintenance Specialist (Space Human Factors - Mars Mission Control)",0.996687658785809,0.599715567224593,0.21,0.17,0.17
"360",12,"NEK1S5","Meteor","HumanFactors","Martian Meteorology Specialist (Space Human Factors -HERA Crew: Flight Engineer)",0.994576201283276,0,0.15,0.15,0.15
"361",1,"NEK1S6","Drill","Robotics","Drilling Specialist (Space Robotics -HERA: Mission Specialist 2)",0.303876589586477,0.30922763590788,0.84,1,1
"362",3,"NEK1S6","Ops","Robotics","Operations Specialist (Space Robotics - Mars Mission Control)",0.90161120806645,0.561716757659957,0.98,1,1
"363",2,"NEK1S6","Mats","Robotics","Materials Specialist (Space Robotics - Mars Mission Control)",0.895030527431111,0.576750500135462,1,1,1
"364",4,"NEK1S6","Bio","Engineer","Biochemical Engineer (Extraterrestrial Engineering -HERA Crew: Commander)",0.842105263157895,0.854545454545455,0.83,0.71,0.73
"365",5,"NEK1S6","Fluid","Engineer","Fluid Engineer (Extraterrestrial Engineering - Mars Mission Control)",0.000000576785718405999,0.653846153846154,0.7,0.71,0.73
"366",6,"NEK1S6","Mech","Engineer","Mechanical Engineer (Extraterrestrial Engineering - Mars Mission Control)",0.893271161239016,0.893269179277526,1,1,0.65
"367",7,"NEK1S6","Hydro","Geology","Hydrogeologist (Planetary Geology - Mars Mission Control)",0.852936622723481,0.69325905481754,0.77,0.85,0.87
"368",8,"NEK1S6","Sedi","Geology","Sedimentologist (Planetary Geology - HERA: Mission Specialist 1)",0.918032786885246,0.933333333333333,0.95,0.92,0.93
"369",9,"NEK1S6","Struct","Geology","Structural Geologist (Planetary Geology - Mars Mission Control: MARS COM)",0.636734060648364,0.743128463297235,0.53,1,1
"370",10,"NEK1S6","Terrain","HumanFactors","Martian Terrain Specialist (Space Human Factors - Mars Mission Control)",0,0,0,0.65,0.71
"371",11,"NEK1S6","Maint","HumanFactors","Maintenance Specialist (Space Human Factors - Mars Mission Control)",0.999333915664133,1,0.75,0.86,0.86
"372",12,"NEK1S6","Meteor","HumanFactors","Martian Meteorology Specialist (Space Human Factors -HERA Crew: Flight Engineer)",0.997393411845832,0.555955904431004,0.75,0.69,0.68
"373",1,"NEK1S7","Drill","Robotics","Drilling Specialist (Space Robotics -HERA: Mission Specialist 2)",0.982695446007944,1,1,1,1
"374",3,"NEK1S7","Ops","Robotics","Operations Specialist (Space Robotics - Mars Mission Control)",1,1,0.97,0.99,1
"375",2,"NEK1S7","Mats","Robotics","Materials Specialist (Space Robotics - Mars Mission Control)",0.994150357996308,1,0.95,0.99,1
"376",4,"NEK1S7","Bio","Engineer","Biochemical Engineer (Extraterrestrial Engineering -HERA Crew: Commander)",0.31578947368421,0.309090909090909,0,0.87,0
"377",5,"NEK1S7","Fluid","Engineer","Fluid Engineer (Extraterrestrial Engineering - Mars Mission Control)",0.000000882142863441954,1,0.89,0.89,0.89
"378",6,"NEK1S7","Mech","Engineer","Mechanical Engineer (Extraterrestrial Engineering - Mars Mission Control)",0.000020686584598985,0.00000211690359046119,0,0,0
"379",7,"NEK1S7","Hydro","Geology","Hydrogeologist (Planetary Geology - Mars Mission Control)",0.520561634870622,0,0.47,0.22,0.24
"380",8,"NEK1S7","Sedi","Geology","Sedimentologist (Planetary Geology - HERA: Mission Specialist 1)",0.229508196721312,0,0.51,0.03,0.08
"381",9,"NEK1S7","Struct","Geology","Structural Geologist (Planetary Geology - Mars Mission Control: MARS COM)",0.0017188793143529,0,0.01,0.03,0.1
"382",10,"NEK1S7","Terrain","HumanFactors","Martian Terrain Specialist (Space Human Factors - Mars Mission Control)",0.933285726056744,0.933285726056744,0.06,0.24,0.24
"383",11,"NEK1S7","Maint","HumanFactors","Maintenance Specialist (Space Human Factors - Mars Mission Control)",0.994261260363623,0.232687889727601,0.29,0.26,0.25
"384",12,"NEK1S7","Meteor","HumanFactors","Martian Meteorology Specialist (Space Human Factors -HERA Crew: Flight Engineer)",0.999374762272726,0.946960923090121,0.03,0.22,0.23
"385",1,"NEK1S8","Drill","Robotics","Drilling Specialist (Space Robotics -HERA: Mission Specialist 2)",0.931489977522554,0.947892840357199,0.96,1,1
"386",3,"NEK1S8","Ops","Robotics","Operations Specialist (Space Robotics - Mars Mission Control)",0.973322453273232,0.881162056700699,0.96,0.96,0.98
"387",2,"NEK1S8","Mats","Robotics","Materials Specialist (Space Robotics - Mars Mission Control)",0.949049084308253,0.807414001589047,0.98,1,1
"388",4,"NEK1S8","Bio","Engineer","Biochemical Engineer (Extraterrestrial Engineering -HERA Crew: Commander)",0.0175438596491227,0,0,0.41,0.49
"389",5,"NEK1S8","Fluid","Engineer","Fluid Engineer (Extraterrestrial Engineering - Mars Mission Control)",0.000000407142860049236,0.461538461538462,0.39,0.41,0.43
"390",6,"NEK1S8","Mech","Engineer","Mechanical Engineer (Extraterrestrial Engineering - Mars Mission Control)",0.739940729057699,0.739935899740092,0.71,0.76,0.75
"391",7,"NEK1S8","Hydro","Geology","Hydrogeologist (Planetary Geology - Mars Mission Control)",0.540071471886568,0.0406931076754388,0.49,0.42,0.45
"392",8,"NEK1S8","Sedi","Geology","Sedimentologist (Planetary Geology - HERA: Mission Specialist 1)",0.754098360655738,0.711111111111111,0.85,0.34,0.39
"393",9,"NEK1S8","Struct","Geology","Structural Geologist (Planetary Geology - Mars Mission Control: MARS COM)",0.00230922174240394,0.000690850036774082,0.01,0.37,0.43
"394",10,"NEK1S8","Terrain","HumanFactors","Martian Terrain Specialist (Space Human Factors - Mars Mission Control)",1,1,1,0.88,0.88
"395",11,"NEK1S8","Maint","HumanFactors","Maintenance Specialist (Space Human Factors - Mars Mission Control)",0.998893475533251,0.933377092221857,0.75,0.9,0.91
"396",12,"NEK1S8","Meteor","HumanFactors","Martian Meteorology Specialist (Space Human Factors -HERA Crew: Flight Engineer)",0.999643528638022,1,0.75,0.83,0.84
"397",1,"NEK2S1","Drill","Robotics","Drilling Specialist (Space Robotics -HERA: Mission Specialist 2)",0.706931058903224,0.370497838962702,0.11,0.99,0.99
"398",3,"NEK2S1","Ops","Robotics","Operations Specialist (Space Robotics - Mars Mission Control)",0.928335099764144,0.835336753402049,1,0.94,1
"399",2,"NEK2S1","Mats","Robotics","Materials Specialist (Space Robotics - Mars Mission Control)",0.770433388796848,0.777910682782837,0.99,0.99,0.99
"400",4,"NEK2S1","Bio","Engineer","Biochemical Engineer (Extraterrestrial Engineering -HERA Crew: Commander)",0.543859649122807,0.456521739130435,0.07,0,0.03
"401",5,"NEK2S1","Fluid","Engineer","Fluid Engineer (Extraterrestrial Engineering - Mars Mission Control)",0.000000712500005089077,0.666666666666666,0.78,0,0.01
"402",6,"NEK2S1","Mech","Engineer","Mechanical Engineer (Extraterrestrial Engineering - Mars Mission Control)",0.320841193239926,0.324080554723145,0.36,0.44,0.44
"403",7,"NEK2S1","Hydro","Geology","Hydrogeologist (Planetary Geology - Mars Mission Control)",0.600917973610072,0.404686713848841,0.54,0.52,0.55
"404",8,"NEK2S1","Sedi","Geology","Sedimentologist (Planetary Geology - HERA: Mission Specialist 1)",0.262295081967213,0.274509803921569,0.53,0.5,0.56
"405",9,"NEK2S1","Struct","Geology","Structural Geologist (Planetary Geology - Mars Mission Control: MARS COM)",0.111119094191295,0.107282488945048,0.1,0.46,0.48
"406",10,"NEK2S1","Terrain","HumanFactors","Martian Terrain Specialist (Space Human Factors - Mars Mission Control)",0.96297618720646,0.579538365564567,0.93,0.93,0.88
"407",11,"NEK2S1","Maint","HumanFactors","Maintenance Specialist (Space Human Factors - Mars Mission Control)",0.99857598256534,0.999047794624698,0.36,0.94,0.88
"408",12,"NEK2S1","Meteor","HumanFactors","Martian Meteorology Specialist (Space Human Factors -HERA Crew: Flight Engineer)",0.998632258508998,0.998632258508998,0.63,0.78,0.77
"409",1,"NEK2S2","Drill","Robotics","Drilling Specialist (Space Robotics -HERA: Mission Specialist 2)",0.682975644302122,0.30822794941572,0.52,0,0.7
"410",3,"NEK2S2","Ops","Robotics","Operations Specialist (Space Robotics - Mars Mission Control)",0.565727681621093,0,0.8,0.96,0.99
"411",2,"NEK2S2","Mats","Robotics","Materials Specialist (Space Robotics - Mars Mission Control)",0,0,0.87,0.84,0.84
"412",4,"NEK2S2","Bio","Engineer","Biochemical Engineer (Extraterrestrial Engineering -HERA Crew: Commander)",0.31578947368421,0.173913043478261,0,0,0.01
"413",5,"NEK2S2","Fluid","Engineer","Fluid Engineer (Extraterrestrial Engineering - Mars Mission Control)",0.000000814285720102358,0.916666666666666,0.88,0,0
"414",6,"NEK2S2","Mech","Engineer","Mechanical Engineer (Extraterrestrial Engineering - Mars Mission Control)",0.247421130090721,0.245840714380462,0.38,0.38,0.37
"415",7,"NEK2S2","Hydro","Geology","Hydrogeologist (Planetary Geology - Mars Mission Control)",0.905010720616205,1,0.82,0.8,0.81
"416",8,"NEK2S2","Sedi","Geology","Sedimentologist (Planetary Geology - HERA: Mission Specialist 1)",0.39344262295082,0.431372549019608,0.62,0.79,0.81
"417",9,"NEK2S2","Struct","Geology","Structural Geologist (Planetary Geology - Mars Mission Control: MARS COM)",0.019425323544477,0.0151929478421279,0.02,0.63,0.61
"418",10,"NEK2S2","Terrain","HumanFactors","Martian Terrain Specialist (Space Human Factors - Mars Mission Control)",0.997280892087121,0.969120399251404,0.5,0.99,0.5
"419",11,"NEK2S2","Maint","HumanFactors","Maintenance Specialist (Space Human Factors - Mars Mission Control)",0.999396835682831,0.99986903558288,0.85,1,0.61
"420",12,"NEK2S2","Meteor","HumanFactors","Martian Meteorology Specialist (Space Human Factors -HERA Crew: Flight Engineer)",1,1,1,1,0.57
"421",1,"NEK2S3","Drill","Robotics","Drilling Specialist (Space Robotics -HERA: Mission Specialist 2)",0.800812882963328,0.614534976788859,1,1,1
"422",3,"NEK2S3","Ops","Robotics","Operations Specialist (Space Robotics - Mars Mission Control)",0.983738672958712,0.962969666143413,0.97,0.97,0.99
"423",2,"NEK2S3","Mats","Robotics","Materials Specialist (Space Robotics - Mars Mission Control)",0.967352007011543,0.976740457005458,0.98,0.98,0.98
"424",4,"NEK2S3","Bio","Engineer","Biochemical Engineer (Extraterrestrial Engineering -HERA Crew: Commander)",0.175438596491228,0,0,0,0.01
"425",5,"NEK2S3","Fluid","Engineer","Fluid Engineer (Extraterrestrial Engineering - Mars Mission Control)",0.000000712500005089077,0.666666666666666,0.78,0,0.01
"426",6,"NEK2S3","Mech","Engineer","Mechanical Engineer (Extraterrestrial Engineering - Mars Mission Control)",0.398023909290395,0.406330053320432,0.41,0.44,0.4
"427",7,"NEK2S3","Hydro","Geology","Hydrogeologist (Planetary Geology - Mars Mission Control)",0.589521148033231,0.382375488893172,0.53,0.53,0.54
"428",8,"NEK2S3","Sedi","Geology","Sedimentologist (Planetary Geology - HERA: Mission Specialist 1)",0.672131147540984,0.764705882352941,0.79,0.52,0.55
"429",9,"NEK2S3","Struct","Geology","Structural Geologist (Planetary Geology - Mars Mission Control: MARS COM)",0.022354873914859,0.0181351427954305,0.02,0.45,0.46
"430",10,"NEK2S3","Terrain","HumanFactors","Martian Terrain Specialist (Space Human Factors - Mars Mission Control)",0.922134637040292,0.115720524017467,0.47,0.93,0.84
"431",11,"NEK2S3","Maint","HumanFactors","Maintenance Specialist (Space Human Factors - Mars Mission Control)",0.998155792555418,0.998627406081346,0.56,0.96,0.87
"432",12,"NEK2S3","Meteor","HumanFactors","Martian Meteorology Specialist (Space Human Factors -HERA Crew: Flight Engineer)",0.999244019879904,0.999244019879904,0.82,0.9,0.85
"433",1,"NEK2S4","Drill","Robotics","Drilling Specialist (Space Robotics -HERA: Mission Specialist 2)",0.864735043261385,0.780694733472067,0.96,0.99,0.99
"434",3,"NEK2S4","Ops","Robotics","Operations Specialist (Space Robotics - Mars Mission Control)",0.89146608797428,0.750401809799939,0.88,0.81,0.96
"435",2,"NEK2S4","Mats","Robotics","Materials Specialist (Space Robotics - Mars Mission Control)",0.820551764163742,0.828515472461686,0.95,0.94,0.94
"436",4,"NEK2S4","Bio","Engineer","Biochemical Engineer (Extraterrestrial Engineering -HERA Crew: Commander)",0.263157894736842,0.108695652173913,0,0,0.01
"437",5,"NEK2S4","Fluid","Engineer","Fluid Engineer (Extraterrestrial Engineering - Mars Mission Control)",0.000000678571433419279,0.583333333333333,0.8,0.41,0.39
"438",6,"NEK2S4","Mech","Engineer","Mechanical Engineer (Extraterrestrial Engineering - Mars Mission Control)",0.452578477975002,0.464465943712862,0.76,0.74,0.74
"439",7,"NEK2S4","Hydro","Geology","Hydrogeologist (Planetary Geology - Mars Mission Control)",0.545152868292971,0.295517033132256,0.49,0.32,0.32
"440",8,"NEK2S4","Sedi","Geology","Sedimentologist (Planetary Geology - HERA: Mission Specialist 1)",0.426229508196721,0.470588235294118,0.64,0.2,0.2
"441",9,"NEK2S4","Struct","Geology","Structural Geologist (Planetary Geology - Mars Mission Control: MARS COM)",0.00429766997817022,0,0.01,0.18,0.18
"442",10,"NEK2S4","Terrain","HumanFactors","Martian Terrain Specialist (Space Human Factors - Mars Mission Control)",1,1,1,0.7,0.45
"443",11,"NEK2S4","Maint","HumanFactors","Maintenance Specialist (Space Human Factors - Mars Mission Control)",0.996584961743797,0.997055833075909,0.12,0.74,0.53
"444",12,"NEK2S4","Meteor","HumanFactors","Martian Meteorology Specialist (Space Human Factors -HERA Crew: Flight Engineer)",0.999716344434524,0.999716344434524,0.73,0.72,0.52
"445",1,"NEK2S5","Drill","Robotics","Drilling Specialist (Space Robotics -HERA: Mission Specialist 2)",0.809619115066047,0.637425964462942,1,1,1
"446",3,"NEK2S5","Ops","Robotics","Operations Specialist (Space Robotics - Mars Mission Control)",0.98600270611217,0.968185307107654,0.98,0.98,0.99
"447",2,"NEK2S5","Mats","Robotics","Materials Specialist (Space Robotics - Mars Mission Control)",0.971236439745006,0.980662589358304,0.99,0.99,0.99
"448",4,"NEK2S5","Bio","Engineer","Biochemical Engineer (Extraterrestrial Engineering -HERA Crew: Commander)",0.43859649122807,0.326086956521739,0,0.29,0.42
"449",5,"NEK2S5","Fluid","Engineer","Fluid Engineer (Extraterrestrial Engineering - Mars Mission Control)",0.00000044107143172292,0,0.25,0.26,0.36
"450",6,"NEK2S5","Mech","Engineer","Mechanical Engineer (Extraterrestrial Engineering - Mars Mission Control)",0.319954017516025,0.323135138933283,0.34,0.33,0.34
"451",7,"NEK2S5","Hydro","Geology","Hydrogeologist (Planetary Geology - Mars Mission Control)",0.845468160259092,0.883435308401709,0.76,0.73,0.7
"452",8,"NEK2S5","Sedi","Geology","Sedimentologist (Planetary Geology - HERA: Mission Specialist 1)",0.295081967213115,0.313725490196078,0.55,0.7,0.71
"453",9,"NEK2S5","Struct","Geology","Structural Geologist (Planetary Geology - Mars Mission Control: MARS COM)",0.0233268258221553,0.0191112898606633,0.02,0.58,0.56
"454",10,"NEK2S5","Terrain","HumanFactors","Martian Terrain Specialist (Space Human Factors - Mars Mission Control)",1,1,1,0.52,0.5
"455",11,"NEK2S5","Maint","HumanFactors","Maintenance Specialist (Space Human Factors - Mars Mission Control)",0.999527738250466,1,0.87,0.59,0.55
"456",12,"NEK2S5","Meteor","HumanFactors","Martian Meteorology Specialist (Space Human Factors -HERA Crew: Flight Engineer)",0.998736700270845,0.998736700270845,0.06,0.32,0.34
"457",1,"NEK2S6","Drill","Robotics","Drilling Specialist (Space Robotics -HERA: Mission Specialist 2)",0.949102441727992,1,1,0.81,0.97
"458",3,"NEK2S6","Ops","Robotics","Operations Specialist (Space Robotics - Mars Mission Control)",0.935074669919156,0.850862664817331,0.91,0.83,0.97
"459",2,"NEK2S6","Mats","Robotics","Materials Specialist (Space Robotics - Mars Mission Control)",0.852861983665678,0.861139272622873,0.94,0.96,0.96
"460",4,"NEK2S6","Bio","Engineer","Biochemical Engineer (Extraterrestrial Engineering -HERA Crew: Commander)",0.982456140350877,1,0.99,1,0.87
"461",5,"NEK2S6","Fluid","Engineer","Fluid Engineer (Extraterrestrial Engineering - Mars Mission Control)",0.000000780357148428673,0.833333333333333,0.88,1,0.98
"462",6,"NEK2S6","Mech","Engineer","Mechanical Engineer (Extraterrestrial Engineering - Mars Mission Control)",0.428848429394643,0.439178098230105,0.72,0.69,0.57
"463",7,"NEK2S6","Hydro","Geology","Hydrogeologist (Planetary Geology - Mars Mission Control)",0.870763316324001,0.932954879746183,0.79,0.77,0.75
"464",8,"NEK2S6","Sedi","Geology","Sedimentologist (Planetary Geology - HERA: Mission Specialist 1)",0.360655737704918,0.392156862745098,0.6,0.76,0.72
"465",9,"NEK2S6","Struct","Geology","Structural Geologist (Planetary Geology - Mars Mission Control: MARS COM)",0.0249089258588178,0.0207002185886175,0.02,0.61,0.59
"466",10,"NEK2S6","Terrain","HumanFactors","Martian Terrain Specialist (Space Human Factors - Mars Mission Control)",1,1,1,0.52,0.55
"467",11,"NEK2S6","Maint","HumanFactors","Maintenance Specialist (Space Human Factors - Mars Mission Control)",0.99641211249703,0.996882902160485,0,0.57,0.59
"468",12,"NEK2S6","Meteor","HumanFactors","Martian Meteorology Specialist (Space Human Factors -HERA Crew: Flight Engineer)",0.999378457402698,0.999378457402698,0.59,0.55,0.57
"469",1,"NEK2S7","Drill","Robotics","Drilling Specialist (Space Robotics -HERA: Mission Specialist 2)",0.854974289497183,0.755322554826317,1,0.94,0.98
"470",3,"NEK2S7","Ops","Robotics","Operations Specialist (Space Robotics - Mars Mission Control)",0.987822043048246,0.972376503794441,0.98,0.98,0.99
"471",2,"NEK2S7","Mats","Robotics","Materials Specialist (Space Robotics - Mars Mission Control)",0.982627566078593,0.992164270091098,0.99,1,0.99
"472",4,"NEK2S7","Bio","Engineer","Biochemical Engineer (Extraterrestrial Engineering -HERA Crew: Commander)",0.982456140350877,1,0.99,1,0.28
"473",5,"NEK2S7","Fluid","Engineer","Fluid Engineer (Extraterrestrial Engineering - Mars Mission Control)",0.000000848214291772156,1,0.93,1,0.84
"474",6,"NEK2S7","Mech","Engineer","Mechanical Engineer (Extraterrestrial Engineering - Mars Mission Control)",0.276202603696955,0.276511593744903,0.47,0.56,0.48
"475",7,"NEK2S7","Hydro","Geology","Hydrogeologist (Planetary Geology - Mars Mission Control)",0.588335842815886,0.380055052279749,0.53,0.45,0.47
"476",8,"NEK2S7","Sedi","Geology","Sedimentologist (Planetary Geology - HERA: Mission Specialist 1)",0.0327868852459016,0,0.39,0.39,0.42
"477",9,"NEK2S7","Struct","Geology","Structural Geologist (Planetary Geology - Mars Mission Control: MARS COM)",0.159718751116098,0.156091912664822,0.14,0.37,0.38
"478",10,"NEK2S7","Terrain","HumanFactors","Martian Terrain Specialist (Space Human Factors - Mars Mission Control)",0.911944848801121,0,0,0.92,0.7
"479",11,"NEK2S7","Maint","HumanFactors","Maintenance Specialist (Space Human Factors - Mars Mission Control)",0.997375439679847,0.997846684500837,0.52,0.96,0.76
"480",12,"NEK2S7","Meteor","HumanFactors","Martian Meteorology Specialist (Space Human Factors -HERA Crew: Flight Engineer)",0.999962396618523,0.999962396618523,0.97,0.99,0.77
"481",1,"NEK2S8","Drill","Robotics","Drilling Specialist (Space Robotics -HERA: Mission Specialist 2)",0.832096560642916,0.695854009924764,1,1,1
"482",3,"NEK2S8","Ops","Robotics","Operations Specialist (Space Robotics - Mars Mission Control)",0.947463792100765,0.879403418764632,0.96,0.91,0.98
"483",2,"NEK2S8","Mats","Robotics","Materials Specialist (Space Robotics - Mars Mission Control)",0.903791113991092,0.912562685887514,0.98,0.98,0.99
"484",4,"NEK2S8","Bio","Engineer","Biochemical Engineer (Extraterrestrial Engineering -HERA Crew: Commander)",0.280701754385965,0.130434782608696,0,0,0
"485",5,"NEK2S8","Fluid","Engineer","Fluid Engineer (Extraterrestrial Engineering - Mars Mission Control)",0.00000044107143172292,0,0.56,0,0
"486",6,"NEK2S8","Mech","Engineer","Mechanical Engineer (Extraterrestrial Engineering - Mars Mission Control)",0.0167248416601238,0,0.02,0.79,0.68
"487",7,"NEK2S8","Hydro","Geology","Hydrogeologist (Planetary Geology - Mars Mission Control)",0.748720241728659,0.694034798604364,0.68,0.59,0.6
"488",8,"NEK2S8","Sedi","Geology","Sedimentologist (Planetary Geology - HERA: Mission Specialist 1)",0.229508196721312,0.235294117647059,0.51,0.52,0.55
"489",9,"NEK2S8","Struct","Geology","Structural Geologist (Planetary Geology - Mars Mission Control: MARS COM)",0.101366442904236,0.0974877430727092,0.09,0.47,0.48
"490",10,"NEK2S8","Terrain","HumanFactors","Martian Terrain Specialist (Space Human Factors - Mars Mission Control)",0.994721634760636,0.940056144728634,0.77,0.85,0.76
"491",11,"NEK2S8","Maint","HumanFactors","Maintenance Specialist (Space Human Factors - Mars Mission Control)",0.0808531931392389,0.0808913950509877,0.32,0.89,0.81
"492",12,"NEK2S8","Meteor","HumanFactors","Martian Meteorology Specialist (Space Human Factors -HERA Crew: Flight Engineer)",0.429275641628454,0.429275641628454,0.66,0.79,0.74
"493",1,"NEK2S9","Drill","Robotics","Drilling Specialist (Space Robotics -HERA: Mission Specialist 2)",0.647750715891246,0.216663998719385,0.42,1,1
"494",3,"NEK2S9","Ops","Robotics","Operations Specialist (Space Robotics - Mars Mission Control)",0.979505047540202,0.953216686101445,0.99,0.97,1
"495",2,"NEK2S9","Mats","Robotics","Materials Specialist (Space Robotics - Mars Mission Control)",0.95440352918915,0.963666310206672,0.99,0.99,1
"496",4,"NEK2S9","Bio","Engineer","Biochemical Engineer (Extraterrestrial Engineering -HERA Crew: Commander)",0.982456140350877,1,1,1,0.85
"497",5,"NEK2S9","Fluid","Engineer","Fluid Engineer (Extraterrestrial Engineering - Mars Mission Control)",0.000000542857146736201,0.25,0.54,1,0.99
"498",6,"NEK2S9","Mech","Engineer","Mechanical Engineer (Extraterrestrial Engineering - Mars Mission Control)",0.45803336475724,0.470278925241663,0.4,0.42,0.37
"499",7,"NEK2S9","Hydro","Geology","Hydrogeologist (Planetary Geology - Mars Mission Control)",0.394199431702826,0,0.36,0.33,0.37
"500",8,"NEK2S9","Sedi","Geology","Sedimentologist (Planetary Geology - HERA: Mission Specialist 1)",0.229508196721312,0.235294117647059,0.51,0.3,0.38
"501",9,"NEK2S9","Struct","Geology","Structural Geologist (Planetary Geology - Mars Mission Control: MARS COM)",0.073439446896873,0.0694402080159709,0.06,0.28,0.34
"502",10,"NEK2S9","Terrain","HumanFactors","Martian Terrain Specialist (Space Human Factors - Mars Mission Control)",0.993077261116757,0.92138178415471,0.89,0.97,0.89
"503",11,"NEK2S9","Maint","HumanFactors","Maintenance Specialist (Space Human Factors - Mars Mission Control)",0.614841180579448,0.615131683744608,0.54,1,0.94
"504",12,"NEK2S9","Meteor","HumanFactors","Martian Meteorology Specialist (Space Human Factors -HERA Crew: Flight Engineer)",0.730328746280134,0.730328746280134,0.87,0.92,0.88
"505",1,"NEK2S10","Drill","Robotics","Drilling Specialist (Space Robotics -HERA: Mission Specialist 2)",0.843797148751424,0.726268608932288,0.99,0.94,0.95
"506",3,"NEK2S10","Ops","Robotics","Operations Specialist (Space Robotics - Mars Mission Control)",0.942612301289357,0.868227065549589,0.96,0.91,0.98
"507",2,"NEK2S10","Mats","Robotics","Materials Specialist (Space Robotics - Mars Mission Control)",0.83162219537572,0.839693345627669,0.96,0.95,0.96
"508",4,"NEK2S10","Bio","Engineer","Biochemical Engineer (Extraterrestrial Engineering -HERA Crew: Commander)",0.982456140350877,1,1,1,0.96
"509",5,"NEK2S10","Fluid","Engineer","Fluid Engineer (Extraterrestrial Engineering - Mars Mission Control)",0.000000475000003392718,0.0833333333333334,0.52,1,1
"510",6,"NEK2S10","Mech","Engineer","Mechanical Engineer (Extraterrestrial Engineering - Mars Mission Control)",0.574769752759264,0.594678659697063,0.47,0.48,0.47
"511",7,"NEK2S10","Hydro","Geology","Hydrogeologist (Planetary Geology - Mars Mission Control)",0.597940033929716,0.398856890301498,0.54,0.49,0.52
"512",8,"NEK2S10","Sedi","Geology","Sedimentologist (Planetary Geology - HERA: Mission Specialist 1)",0.868852459016394,1,0.92,0.44,0.51
"513",9,"NEK2S10","Struct","Geology","Structural Geologist (Planetary Geology - Mars Mission Control: MARS COM)",0.00657296956086676,0.00228512027550106,0.01,0.39,0.43
"514",10,"NEK2S10","Terrain","HumanFactors","Martian Terrain Specialist (Space Human Factors - Mars Mission Control)",0.994826004559312,0.941241422333125,1,0.82,0.82
"515",11,"NEK2S10","Maint","HumanFactors","Maintenance Specialist (Space Human Factors - Mars Mission Control)",0,0,0.07,0.83,0.83
"516",12,"NEK2S10","Meteor","HumanFactors","Martian Meteorology Specialist (Space Human Factors -HERA Crew: Flight Engineer)",0,0,0.84,0.84,0.83
"517",1,"NEK2S11","Drill","Robotics","Drilling Specialist (Space Robotics -HERA: Mission Specialist 2)",0.911506604674077,0.90227309108372,1,1,1
"518",3,"NEK2S11","Ops","Robotics","Operations Specialist (Space Robotics - Mars Mission Control)",0.985721726164745,0.967538015118276,0.97,0.77,0.98
"519",2,"NEK2S11","Mats","Robotics","Materials Specialist (Space Robotics - Mars Mission Control)",0.980748712616292,0.990267181775663,0.99,0.99,1
"520",4,"NEK2S11","Bio","Engineer","Biochemical Engineer (Extraterrestrial Engineering -HERA Crew: Commander)",0.43859649122807,0.326086956521739,0,0,0.14
"521",5,"NEK2S11","Fluid","Engineer","Fluid Engineer (Extraterrestrial Engineering - Mars Mission Control)",0.000000610714290075797,0.416666666666666,0.6,0,0
"522",6,"NEK2S11","Mech","Engineer","Mechanical Engineer (Extraterrestrial Engineering - Mars Mission Control)",0.306882485381428,0.309205505214952,0.3,0.29,0.28
"523",7,"NEK2S11","Hydro","Geology","Hydrogeologist (Planetary Geology - Mars Mission Control)",0.594504450023049,0.392131150324263,0.54,0.51,0.55
"524",8,"NEK2S11","Sedi","Geology","Sedimentologist (Planetary Geology - HERA: Mission Specialist 1)",0.278688524590164,0.294117647058824,0.54,0.49,0.56
"525",9,"NEK2S11","Struct","Geology","Structural Geologist (Planetary Geology - Mars Mission Control: MARS COM)",0.10672922307784,0.102873670183562,0.09,0.44,0.49
"526",10,"NEK2S11","Terrain","HumanFactors","Martian Terrain Specialist (Space Human Factors - Mars Mission Control)",0.995429976104809,0.948100436681223,0.75,0.83,0.61
"527",11,"NEK2S11","Maint","HumanFactors","Maintenance Specialist (Space Human Factors - Mars Mission Control)",0.718446100603801,0.718785555527795,0.49,0.79,0.66
"528",12,"NEK2S11","Meteor","HumanFactors","Martian Meteorology Specialist (Space Human Factors -HERA Crew: Flight Engineer)",0.887035341535907,0.887035341535907,0.75,0.83,0.62
"529",1,"NEK2S12","Drill","Robotics","Drilling Specialist (Space Robotics -HERA: Mission Specialist 2)",0.861409612956862,0.772050584280455,1,0.85,0.89
"530",3,"NEK2S12","Ops","Robotics","Operations Specialist (Space Robotics - Mars Mission Control)",0.972475187738326,0.9370220359924,0.98,0.77,0.99
"531",2,"NEK2S12","Mats","Robotics","Materials Specialist (Space Robotics - Mars Mission Control)",0.909232827504195,0.918057212910931,0.98,0.98,0.98
"532",4,"NEK2S12","Bio","Engineer","Biochemical Engineer (Extraterrestrial Engineering -HERA Crew: Commander)",0.368421052631579,0.239130434782609,0,0,0.03
"533",5,"NEK2S12","Fluid","Engineer","Fluid Engineer (Extraterrestrial Engineering - Mars Mission Control)",0.000000508928575062516,0.166666666666667,0.62,1,1
"534",6,"NEK2S12","Mech","Engineer","Mechanical Engineer (Extraterrestrial Engineering - Mars Mission Control)",0.944152383544117,0.988310002661655,1,1,0.98
"535",7,"NEK2S12","Hydro","Geology","Hydrogeologist (Planetary Geology - Mars Mission Control)",0.90016162090558,0.990507062361639,0.81,0.8,0.79
"536",8,"NEK2S12","Sedi","Geology","Sedimentologist (Planetary Geology - HERA: Mission Specialist 1)",0.360655737704918,0.392156862745098,0.6,0.79,0.77
"537",9,"NEK2S12","Struct","Geology","Structural Geologist (Planetary Geology - Mars Mission Control: MARS COM)",0.0539562324654857,0.049872899751301,0.05,0.64,0.61
"538",10,"NEK2S12","Terrain","HumanFactors","Martian Terrain Specialist (Space Human Factors - Mars Mission Control)",0.994983108572056,0.943025577043044,0.95,1,0.98
"539",11,"NEK2S12","Maint","HumanFactors","Maintenance Specialist (Space Human Factors - Mars Mission Control)",0.497684076835931,0.497919225040275,0,0.98,0.97
"540",12,"NEK2S12","Meteor","HumanFactors","Martian Meteorology Specialist (Space Human Factors -HERA Crew: Flight Engineer)",0.46164407813428,0.46164407813428,0.74,0.88,0.87
"541",1,"NEK2S13","Drill","Robotics","Drilling Specialist (Space Robotics -HERA: Mission Specialist 2)",0.877390153031376,0.813590523451257,1,1,1
"542",3,"NEK2S13","Ops","Robotics","Operations Specialist (Space Robotics - Mars Mission Control)",0.996713962076336,0.992860769699637,1,0.99,1
"543",2,"NEK2S13","Mats","Robotics","Materials Specialist (Space Robotics - Mars Mission Control)",0.988166979196311,0.997757444923966,1,1,1
"544",4,"NEK2S13","Bio","Engineer","Biochemical Engineer (Extraterrestrial Engineering -HERA Crew: Commander)",0.859649122807018,0.847826086956522,0.72,1,0.51
"545",5,"NEK2S13","Fluid","Engineer","Fluid Engineer (Extraterrestrial Engineering - Mars Mission Control)",0.000000576785718405999,0.333333333333334,0.58,0,0
"546",6,"NEK2S13","Mech","Engineer","Mechanical Engineer (Extraterrestrial Engineering - Mars Mission Control)",0.314464757888049,0.317285528098441,0.27,0.25,0.24
"547",7,"NEK2S13","Hydro","Geology","Hydrogeologist (Planetary Geology - Mars Mission Control)",0.764563226618616,0.725050136819891,0.69,0.68,0.63
"548",8,"NEK2S13","Sedi","Geology","Sedimentologist (Planetary Geology - HERA: Mission Specialist 1)",0.262295081967213,0.274509803921569,0.53,0.67,0.6
"549",9,"NEK2S13","Struct","Geology","Structural Geologist (Planetary Geology - Mars Mission Control: MARS COM)",0.0515979550932639,0.0475044435359077,0.05,0.57,0.52
"550",10,"NEK2S13","Terrain","HumanFactors","Martian Terrain Specialist (Space Human Factors - Mars Mission Control)",0.995125655744459,0.944644416718653,0.75,0.81,0.22
"551",11,"NEK2S13","Maint","HumanFactors","Maintenance Specialist (Space Human Factors - Mars Mission Control)",0.901638733083293,0.902064743757373,0.64,0.91,0.31
"552",12,"NEK2S13","Meteor","HumanFactors","Martian Meteorology Specialist (Space Human Factors -HERA Crew: Flight Engineer)",0.931160724138359,0.931160724138359,0.67,0.82,0.21
"553",1,"NEK2S14","Drill","Robotics","Drilling Specialist (Space Robotics -HERA: Mission Specialist 2)",0.897219570773163,0.865135264927165,1,1,1
"554",3,"NEK2S14","Ops","Robotics","Operations Specialist (Space Robotics - Mars Mission Control)",0.999812997113643,1,1,0.99,1
"555",2,"NEK2S14","Mats","Robotics","Materials Specialist (Space Robotics - Mars Mission Control)",0.990387978785379,1,1,1,1
"556",4,"NEK2S14","Bio","Engineer","Biochemical Engineer (Extraterrestrial Engineering -HERA Crew: Commander)",0.964912280701754,0.978260869565217,1,1,0.89
"557",5,"NEK2S14","Fluid","Engineer","Fluid Engineer (Extraterrestrial Engineering - Mars Mission Control)",0.000000610714290075797,0.416666666666666,0.68,1,0.83
"558",6,"NEK2S14","Mech","Engineer","Mechanical Engineer (Extraterrestrial Engineering - Mars Mission Control)",0.955122246711477,1,0.99,0.97,0.92
"559",7,"NEK2S14","Hydro","Geology","Hydrogeologist (Planetary Geology - Mars Mission Control)",0.811527631104063,0.816990948436157,0.73,0.72,0.72
"560",8,"NEK2S14","Sedi","Geology","Sedimentologist (Planetary Geology - HERA: Mission Specialist 1)",0.327868852459016,0.352941176470588,0.58,0.71,0.75
"561",9,"NEK2S14","Struct","Geology","Structural Geologist (Planetary Geology - Mars Mission Control: MARS COM)",0.0353457941805336,0.0311821347266333,0.03,0.59,0.6
"562",10,"NEK2S14","Terrain","HumanFactors","Martian Terrain Specialist (Space Human Factors - Mars Mission Control)",0.995302535087478,0.946653150343107,0.48,0.83,0.7
"563",11,"NEK2S14","Maint","HumanFactors","Maintenance Specialist (Space Human Factors - Mars Mission Control)",0.95328613141031,0.953736544699505,0.75,1,0.85
"564",12,"NEK2S14","Meteor","HumanFactors","Martian Meteorology Specialist (Space Human Factors -HERA Crew: Flight Engineer)",0.944371688663616,0.944371688663616,0.86,0.95,0.74
"565",1,"NEK2S15","Drill","Robotics","Drilling Specialist (Space Robotics -HERA: Mission Specialist 2)",0.564399421128799,0,0,1,1
"566",3,"NEK2S15","Ops","Robotics","Operations Specialist (Space Robotics - Mars Mission Control)",0.978956526888437,0.951953062034499,0.99,0.96,0.99
"567",2,"NEK2S15","Mats","Robotics","Materials Specialist (Space Robotics - Mars Mission Control)",0.970232086925252,0.97964848898424,1,1,1
"568",4,"NEK2S15","Bio","Engineer","Biochemical Engineer (Extraterrestrial Engineering -HERA Crew: Commander)",0.982456140350877,1,0.97,1,0.77
"569",5,"NEK2S15","Fluid","Engineer","Fluid Engineer (Extraterrestrial Engineering - Mars Mission Control)",0.000000576785718405999,0.333333333333334,0.39,1,0.86
"570",6,"NEK2S15","Mech","Engineer","Mechanical Engineer (Extraterrestrial Engineering - Mars Mission Control)",0.299864954538453,0.301727297362715,0.26,0.26,0.25
"571",7,"NEK2S15","Hydro","Geology","Hydrogeologist (Planetary Geology - Mars Mission Control)",0.793878530370521,0.782439831190712,0.72,0.73,0.76
"572",8,"NEK2S15","Sedi","Geology","Sedimentologist (Planetary Geology - HERA: Mission Specialist 1)",0.295081967213115,0.313725490196078,0.55,0.74,0.78
"573",9,"NEK2S15","Struct","Geology","Structural Geologist (Planetary Geology - Mars Mission Control: MARS COM)",1,1,0.82,0.8,0.79
"574",10,"NEK2S15","Terrain","HumanFactors","Martian Terrain Specialist (Space Human Factors - Mars Mission Control)",0.992333763629872,0.912938240798503,0.89,0.77,0.76
"575",11,"NEK2S15","Maint","HumanFactors","Maintenance Specialist (Space Human Factors - Mars Mission Control)",0.605699733564096,0.605985917533703,0.34,0.78,0.76
"576",12,"NEK2S15","Meteor","HumanFactors","Martian Meteorology Specialist (Space Human Factors -HERA Crew: Flight Engineer)",0.824480278665314,0.824480278665314,0.54,0.66,0.66
"577",1,"NEK2S16","Drill","Robotics","Drilling Specialist (Space Robotics -HERA: Mission Specialist 2)",0.89016842688672,0.84680646710421,1,0.98,0.99
"578",3,"NEK2S16","Ops","Robotics","Operations Specialist (Space Robotics - Mars Mission Control)",0.954000893542808,0.894462904097891,1,1,1
"579",2,"NEK2S16","Mats","Robotics","Materials Specialist (Space Robotics - Mars Mission Control)",0.878088312014477,0.886610430279427,1,0.97,1
"580",4,"NEK2S16","Bio","Engineer","Biochemical Engineer (Extraterrestrial Engineering -HERA Crew: Commander)",0.982456140350877,1,1,1,0.96
"581",5,"NEK2S16","Fluid","Engineer","Fluid Engineer (Extraterrestrial Engineering - Mars Mission Control)",0.000000475000003392718,0.0833333333333334,0.32,1,0.99
"582",6,"NEK2S16","Mech","Engineer","Mechanical Engineer (Extraterrestrial Engineering - Mars Mission Control)",0.648544401154919,0.673296362600469,0.57,0.56,0.57
"583",7,"NEK2S16","Hydro","Geology","Hydrogeologist (Planetary Geology - Mars Mission Control)",0.793878530370521,0.782439831190712,0.72,0.73,0.69
"584",8,"NEK2S16","Sedi","Geology","Sedimentologist (Planetary Geology - HERA: Mission Specialist 1)",0.295081967213115,0.313725490196078,0.55,0.74,0.67
"585",9,"NEK2S16","Struct","Geology","Structural Geologist (Planetary Geology - Mars Mission Control: MARS COM)",1,1,0.82,0.8,0.69
"586",10,"NEK2S16","Terrain","HumanFactors","Martian Terrain Specialist (Space Human Factors - Mars Mission Control)",0.995239638550908,0.945938864628821,1,0.94,0.94
"587",11,"NEK2S16","Maint","HumanFactors","Maintenance Specialist (Space Human Factors - Mars Mission Control)",0.189798164079194,0.189887840843126,0.93,0.94,0.94
"588",12,"NEK2S16","Meteor","HumanFactors","Martian Meteorology Specialist (Space Human Factors -HERA Crew: Flight Engineer)",0.276390063988522,0.276390063988522,0.65,0.79,0.79
"589",1,"NEK2S17","Drill","Robotics","Drilling Specialist (Space Robotics -HERA: Mission Specialist 2)",0.941928133756197,0.981351048503282,1,1,1
"590",3,"NEK2S17","Ops","Robotics","Operations Specialist (Space Robotics - Mars Mission Control)",0.998068869426147,0.995982062453513,1,0.97,1
"591",2,"NEK2S17","Mats","Robotics","Materials Specialist (Space Robotics - Mars Mission Control)",0.985907851105161,0.995476391296962,1,0.99,1
"592",4,"NEK2S17","Bio","Engineer","Biochemical Engineer (Extraterrestrial Engineering -HERA Crew: Commander)",0.982456140350877,1,0.98,1,0.82
"593",5,"NEK2S17","Fluid","Engineer","Fluid Engineer (Extraterrestrial Engineering - Mars Mission Control)",0.000000780357148428673,0.833333333333333,0.83,1,0.81
"594",6,"NEK2S17","Mech","Engineer","Mechanical Engineer (Extraterrestrial Engineering - Mars Mission Control)",0.350835357611,0.356043733872636,0.28,0.28,0.29
"595",7,"NEK2S17","Hydro","Geology","Hydrogeologist (Planetary Geology - Mars Mission Control)",0.843305190881895,0.879200927869912,0.76,0.64,0.47
"596",8,"NEK2S17","Sedi","Geology","Sedimentologist (Planetary Geology - HERA: Mission Specialist 1)",0.245901639344262,0.254901960784314,0.52,0.55,0.31
"597",9,"NEK2S17","Struct","Geology","Structural Geologist (Planetary Geology - Mars Mission Control: MARS COM)",0.00660411384211713,0.00231639898231067,0.01,0.48,0.26
"598",10,"NEK2S17","Terrain","HumanFactors","Martian Terrain Specialist (Space Human Factors - Mars Mission Control)",0.995701337581367,0.951182158452901,0.25,0.55,0.46
"599",11,"NEK2S17","Maint","HumanFactors","Maintenance Specialist (Space Human Factors - Mars Mission Control)",0.924219129480713,0.924655809050812,0.83,0.66,0.54
"600",12,"NEK2S17","Meteor","HumanFactors","Martian Meteorology Specialist (Space Human Factors -HERA Crew: Flight Engineer)",0.917722963403468,0.917722963403467,0.15,0.38,0.37
